영화ID,영화명,실패사유
87,루카,평점 항목 없음
127,파이프라인,평점 항목 없음
154,방탄소년단: 옛 투 컴 인 시네마,평점 항목 없음
160,코다,평점 항목 없음
184,인생은 뷰티풀: 비타돌체,평점 항목 없음
213,레미니센스,평점 항목 없음
236,그래비티,평점 항목 없음
246,뿌까의 짜장면파티,평점 항목 없음
263,F20,평점 항목 없음
312,메리 미,평점 항목 없음
325,뜨거운 피: 디 오리지널,평점 항목 없음
333,티탄,평점 항목 없음
355,최선의 삶,평점 항목 없음
360,팬텀: 더 뮤지컬 라이브,평점 항목 없음
362,스피릿,평점 항목 없음
411,로보카폴리 안전교실 교통편,평점 항목 없음
415,크레센도,평점 항목 없음
419,애플,평점 항목 없음
421,엄마의 땅: 그리샤와 숲의 주인,평점 항목 없음
438,리슨,평점 항목 없음
440,웃는남자 감독판,평점 항목 없음
455,아라시 20주년 투어 콘서트 5✕20,평점 항목 없음
462,원샷,평점 항목 없음
480,틸,평점 항목 없음
494,도어맨,평점 항목 없음
506,더 파더,평점 항목 없음
520,갈매기,평점 항목 없음
529,종착역,평점 항목 없음
544,이마 베프,평점 항목 없음
571,라인,평점 항목 없음
576,카사블랑카,평점 항목 없음
594,수라,평점 항목 없음
606,자전거 도둑,평점 항목 없음
616,트랜스,평점 항목 없음
624,원 웨이,평점 항목 없음
686,메기,평점 항목 없음
690,"2021 스웨그 에이지 : 외쳐, 조선!",평점 항목 없음
702,겨울왕국,평점 항목 없음
704,스크림,평점 항목 없음
706,메모리,평점 항목 없음
719,아담,평점 항목 없음
729,신의 손,평점 항목 없음
740,컨저링,평점 항목 없음
743,컨버세이션,평점 항목 없음
745,스프린터,평점 항목 없음
757,죽어도 좋은 경험: 천사여 악녀가 되라,평점 항목 없음
762,비올레타,평점 항목 없음
763,늑대들,평점 및 리뷰 없음
768,주연,평점 항목 없음
793,크림,평점 항목 없음
797,소설의 신,평점 항목 없음
799,더 데빌,평점 항목 없음
801,CCTV,평점 항목 없음
802,프라도 위대한 미술관,평점 항목 없음
807,소울,평점 항목 없음
814,부산행:익스텐디드,평점 항목 없음
845,블레이드 퍼피 워리어,평점 및 리뷰 없음
857,라임라이트,평점 항목 없음
868,거대한 서부,평점 항목 없음
872,사다코,평점 항목 없음
876,드림팰리스,평점 항목 없음
880,콘서트를 지켜라,평점 항목 없음
881,뮤지컬 번지점프를 하다,평점 항목 없음
885,남태평양,평점 항목 없음
896,캐리 러브콘서트 케이팝,평점 항목 없음
901,대장 부리바,평점 항목 없음
912,박서방,평점 항목 없음
918,상처뿐인 영광,평점 항목 없음
925,깨복쟁이,평점 항목 없음
927,킹 오브 프리즘 (바이 프리티 리듬),평점 항목 없음
943,캐슬 폴스: 머니 게임,평점 항목 없음
965,베르테르,평점 항목 없음
969,리스타트,평점 항목 없음
979,갱경떡삥이,평점 항목 없음
992,오싹한 동거,평점 및 리뷰 없음
1011,오즈의 마법사,평점 항목 없음
1015,그날,평점 항목 없음
1028,라이안의 처녀,평점 항목 없음
1029,유리씨즈,평점 항목 없음
1040,벤허,평점 항목 없음
1052,금지된 장난,평점 항목 없음
1065,레드슈즈,평점 항목 없음
1066,유황도의 모래,평점 항목 없음
1068,라보엠,평점 항목 없음
1069,수상한 옆집 아내,평점 항목 없음
1079,소돔과 고모라,평점 항목 없음
1098,일 트로바토레,평점 항목 없음
1099,귀향,평점 항목 없음
1115,어쌔신 트랩,평점 항목 없음
1117,에이리,평점 항목 없음
1123,이별,평점 항목 없음
1142,로제타,평점 항목 없음
1143,리유니언,평점 항목 없음
1145,이스트 워,평점 및 리뷰 없음
1152,우주에서 가장 밝은 지붕,평점 및 리뷰 없음
1159,애마부인,평점 항목 없음
1162,배심원들,평점 항목 없음
1168,써커스,평점 항목 없음
1177,흑권,평점 항목 없음
1189,맛있는 여동생,평점 항목 없음
1194,밴드스탠드,평점 항목 없음
1212,일 트로바토레,평점 항목 없음
1219,로스트 하이웨이,평점 항목 없음
1229,하이 스피드! –프리! 스타팅 데이즈-,평점 항목 없음
1233,흑기사,평점 항목 없음
1236,마지막부자 최준,평점 항목 없음
1240,사쿠라,평점 항목 없음
1252,하룻밤,평점 항목 없음
1256,키즈 리턴,평점 및 리뷰 없음
1263,레커닝,평점 항목 없음
1266,미망인,평점 항목 없음
1268,우리집,평점 항목 없음
1281,명색이 아프레걸,평점 항목 없음
1288,"그 시절, 너의 뒤를 쫓았다",평점 및 리뷰 없음
1292,스카라무슈,평점 항목 없음
1305,로빈슨가의 모험,평점 항목 없음
1308,모리스,평점 항목 없음
1328,"소년, 소녀를 만나다",평점 및 리뷰 없음
1334,스코치드 어스: 분노의 추격자,평점 항목 없음
1337,인간실격,평점 항목 없음
1364,솔로몬과 시바의 여왕,평점 항목 없음
1377,욕망의 모호한 대상,평점 항목 없음
1379,신경쇠약 직전의 여자,평점 항목 없음
1386,데드 맨,평점 항목 없음
1387,라이어×라이어,평점 항목 없음
1395,내 아내 이야기,평점 및 리뷰 없음
1398,아이,평점 항목 없음
1399,아파치 정션 : 무법자의 지대,평점 항목 없음
1403,사슴의 왕,평점 및 리뷰 없음
1405,정,평점 항목 없음
1407,대전투 1944,평점 및 리뷰 없음
1408,러스트 앤 본,평점 항목 없음
1410,성월동화,평점 항목 없음
1439,감각의 제국,평점 항목 없음
1442,윈드 리버: 감독판,평점 항목 없음
1451,시집가는 날,평점 항목 없음
1455,바이올렛 에버가든 – 영원과 자동 수기 인형 -,평점 항목 없음
1460,그랑블루 리마스터링 감독판,평점 항목 없음
1463,로스트 인 런던,평점 항목 없음
1464,메이드 인 아메리카,평점 항목 없음
1465,미션 투 베를린,평점 항목 없음
1468,섹스마스터,평점 항목 없음
1470,아내의 예쁜동생,평점 항목 없음
1473,애무의 신,평점 항목 없음
1476,테이크 백,평점 항목 없음
1483,키카,평점 항목 없음
1487,미스터 존스,평점 항목 없음
1505,최면,평점 항목 없음
1508,천지창조 / 더 바이블,평점 항목 없음
1512,금의위: 용의 비검,평점 항목 없음
1525,여름날,평점 항목 없음
1546,대명천군 금의위,평점 항목 없음
1547,레전더리 콘서트: 카를로스 클라이버,평점 항목 없음
1549,베르나르다 알바,평점 항목 없음
1553,금의위5-풍운제일검,평점 항목 없음
1556,너의 눈을 들여다보면,평점 항목 없음
1565,뷰티 인사이드,평점 항목 없음
1570,타임 이즈 업,평점 항목 없음
1586,블리츠,평점 항목 없음
1595,도굴: 패왕총,평점 및 리뷰 없음
1608,꽃장사,평점 항목 없음
1609,꽃장사 무삭제,평점 항목 없음
1610,나를 적신 집사 무삭제판,평점 항목 없음
1611,넣어준 관리인,평점 항목 없음
1612,돌려쓰기,평점 항목 없음
1614,땀샘터진 형의 아내,평점 항목 없음
1615,때려야 싼다 무삭제,평점 항목 없음
1616,마리아 브라운의 결혼,평점 항목 없음
1618,불쾌한 섹스,평점 항목 없음
1619,상애상친 : 여자 이야기,평점 항목 없음
1620,성스러운 아내,평점 항목 없음
1621,수상한 가정부,평점 항목 없음
1622,수상한 가정부 무삭제,평점 항목 없음
1623,시트적신 여기사,평점 항목 없음
1625,아이돌 승하의 19금 AV를 찍자,평점 항목 없음
1626,애욕의 사정공간,평점 항목 없음
1628,유부녀의 사육,평점 항목 없음
1629,음욕의 신혼생활,평점 항목 없음
1631,크게 만족한 아내,평점 항목 없음
1632,크리스마스 괴담 : 4가지 이야기,평점 항목 없음
1635,한지붕 세가족2,평점 항목 없음
1636,한지붕 세가족2 무삭제판,평점 항목 없음
1637,한지붕 세가족3,평점 항목 없음
1638,한지붕 세가족3 무삭제판,평점 항목 없음
1643,오델로,평점 항목 없음
1645,생일,평점 항목 없음
1655,빙점 '81,평점 항목 없음
1656,생사의 고백,평점 및 리뷰 없음
1660,경계선,평점 항목 없음
1661,마르셀리노,평점 항목 없음
1670,도굴: 귀취전설,평점 항목 없음
1676,"친구여, 조용히 잠들라",평점 항목 없음
1677,경성별희,평점 항목 없음
1689,지중해,평점 항목 없음
1695,글래디에이터 썬더,평점 항목 없음
1697,배신자,평점 항목 없음
1705,"1975 킬링필드, 푸난",평점 항목 없음
1709,탠저린,평점 항목 없음
1714,버팔로 `66,평점 항목 없음
1715,인생게임,평점 항목 없음
1719,라스칼라 갈라 콘서트: 별들을 다시 보려고,평점 항목 없음
1726,재키 브라운,평점 항목 없음
1732,쥐띠부인,평점 및 리뷰 없음
1736,"링2(1999년, 일본판)",평점 항목 없음
1742,러브 스파이: 바브 앤 스타,평점 항목 없음
1743,맛있는 섹스 그리고 사랑,평점 항목 없음
1761,사랑하는 당신에게,평점 항목 없음
1762,여인의 초상,평점 항목 없음
1764,이태원,평점 항목 없음
1770,송환,평점 항목 없음
1773,프라이비트 레슨:개인교수,평점 항목 없음
1774,당신을 기다리는 시간,평점 항목 없음
1788,말할 수 없는 비밀,평점 항목 없음
1789,세일즈맨,평점 항목 없음
1793,카산드라 크로스,평점 항목 없음
1796,최후의 총잡이,평점 항목 없음
1797,혼자,평점 항목 없음
1798,가면속의 아리아,평점 및 리뷰 없음
1813,마리솔의 리틀 앤젤스,평점 항목 없음
1816,북 오브 러브,평점 항목 없음
1818,시몬,평점 항목 없음
1819,얼굴들,평점 항목 없음
1821,원 웨이 티켓,평점 항목 없음
1846,가족이면 어때,평점 항목 없음
1847,공손한 마님의 음란한 저택,평점 항목 없음
1848,관능소설 : 묶여 버린 유부녀,평점 항목 없음
1852,니꺼 내꺼 다 내꺼,평점 항목 없음
1853,담보 대출: 당신에게 사랑 받고 싶어서,평점 항목 없음
1855,데스 밸리,평점 항목 없음
1858,마카오썸씽,평점 항목 없음
1859,무릎팍 보살: 성교부적삼행,평점 항목 없음
1860,보더라인,평점 항목 없음
1861,보지 말아야 할 것을 본 자,평점 항목 없음
1862,부부 교환,평점 항목 없음
1863,북클럽,평점 항목 없음
1864,사이판 로맨스 섹스본능,평점 항목 없음
1866,쉿!누나의 비밀 무삭제,평점 항목 없음
1867,안경,평점 항목 없음
1868,야한 세 친구,평점 항목 없음
1869,어댑테이션,평점 항목 없음
1870,엄마몰래 여대생 숙성과외,평점 항목 없음
1871,옆집 남자의 노리개가 된 부인,평점 항목 없음
1872,왕따 극복 : 쓰레기 분류 섹스,평점 항목 없음
1876,일장춘몽: 결혼 후에도 잊지 못한 섹스,평점 항목 없음
1878,전세 역전: 너도 당해봐,평점 항목 없음
1880,제발 안에다만 하지 마세요,평점 항목 없음
1881,첫사랑 무삭제,평점 항목 없음
1882,초변태 수리공 길들이기,평점 항목 없음
1883,최악의 남자 최고의 절정,평점 항목 없음
1884,케이지드,평점 항목 없음
1886,킬러 대물 VS 건달 대물,평점 항목 없음
1887,특이점이 온 사랑,평점 항목 없음
1888,파멸의 나날 : 남편 앞에서 범해진 아내,평점 항목 없음
1891,립반윙클의 신부: 스페셜 에디션,평점 항목 없음
1892,바리케이드,평점 항목 없음
1896,하드 로맨티커,평점 및 리뷰 없음
1897,B급 청춘,평점 항목 없음
1899,남자죽이는 J컵 노브라 치토세,평점 항목 없음
1902,도쿄관능소설 - 여작가의 사생활,평점 항목 없음
1905,사랑인가 바,평점 및 리뷰 없음
1906,써니 감독판,평점 항목 없음
1908,여친이 스폰을 받은 돈으로,평점 항목 없음
1912,좁은집에서 달게 맛본 새엄마,평점 항목 없음
1918,훔쳐보는 아내의 정사-관음절정,평점 항목 없음
1927,애프터,평점 항목 없음
1929,어둠속에 벨이 울릴 때,평점 항목 없음
1947,물고기,평점 항목 없음
1954,일 트로바토레 잘츠부르크 페스티벌,평점 항목 없음
1967,그래서 나는 도끼부인과 결혼했다,평점 항목 없음
1987,성인용품사용설명서3 : 젊은 여사장,평점 항목 없음
1988,스왈로 탐험대와 아마존 해적,평점 항목 없음
1994,크로닉,평점 항목 없음
2005,일반인 초대녀,평점 항목 없음
2015,사랑방 손님,평점 항목 없음
2016,아워 바디,평점 항목 없음
2019,에로스,평점 항목 없음
2020,와일드 로즈,평점 항목 없음
2031,그 후,평점 항목 없음
2039,해피엔딩,평점 항목 없음
2044,빠담풍,평점 항목 없음
2046,신혼여행(身魂旅行),평점 항목 없음
2048,이브들의 발칙한 수다,평점 및 리뷰 없음
2057,꿀맛,평점 항목 없음
2060,놀러오세요 201호에,평점 항목 없음
2063,며느리의 첫 정,평점 항목 없음
2064,모텔 302호,평점 항목 없음
2065,사정의 콜센타,평점 항목 없음
2072,어미,평점 항목 없음
2076,지금 이순간,평점 항목 없음
2081,귀향,평점 항목 없음
2086,색깔있는 남자,평점 항목 없음
2087,셀러브리티 섹스테이프,평점 및 리뷰 없음
2088,"여자는 바람, 여자는 바람",평점 항목 없음
2090,왕의 이름으로 3,평점 및 리뷰 없음
2094,하얀전쟁,평점 항목 없음
2102,나미다 츠보 - 사랑의 흔적,평점 항목 없음
2111,뮤지컬 쉬 러브즈 미,평점 항목 없음
2120,수호지-무림호걸 이운,평점 항목 없음
2123,수호지: 천하대인,평점 항목 없음
2127,아노말리: 타임 게이트,평점 및 리뷰 없음
2128,아마데우스 감독판,평점 항목 없음
2130,야마카시,평점 항목 없음
2131,어쌔신 더 엑스,평점 및 리뷰 없음
2134,에어라인 플라이트,평점 및 리뷰 없음
2137,열일곱살의 쿠데타,평점 항목 없음
2142,유(U) - 571,평점 항목 없음
2148,주윤발의 미스터 갱,평점 항목 없음
2158,페어웰,평점 항목 없음
2159,허니문 호텔 살인사건,평점 및 리뷰 없음
2163,거짓말 섹스가 좋아,평점 항목 없음
2168,금지된 알바,평점 항목 없음
2169,깊은 사랑,평점 항목 없음
2170,꽃과 뱀 3,평점 항목 없음
2171,꽃과 뱀의 정사,평점 항목 없음
2173,닌자 정사2,평점 및 리뷰 없음
2174,닌자: 킬 사무라이,평점 항목 없음
2175,닌자정사,평점 항목 없음
2177,더 트랩: 난간 끝에 선 남자,평점 및 리뷰 없음
2182,런투유(RUN 2 U),평점 항목 없음
2185,리바이어던,평점 항목 없음
2186,모녀의 교환섹스,평점 항목 없음
2196,수호지-최강무적 탕륭,평점 항목 없음
2199,신들의 전쟁,평점 항목 없음
2206,에이아이 섹스호텔,평점 항목 없음
2209,오버로드: 11구역,평점 및 리뷰 없음
2218,저지드레드 3D,평점 항목 없음
2220,전장의 묵시록,평점 항목 없음
2234,파친코의 여왕,평점 항목 없음
2237,MZ세대 돌려먹는 친구오빠,평점 항목 없음
2238,거유 칸나의 질펀한 서비스,평점 항목 없음
2239,거유로 홀린 유부녀,평점 항목 없음
2240,게이샤의 기억,평점 항목 없음
2241,고급창녀2,평점 항목 없음
2242,과부형수,평점 항목 없음
2243,교환부부의 세계2 그들만의 은밀한 테크닉,평점 항목 없음
2244,교회 여동생 무삭제,평점 항목 없음
2246,그것은 물 밑에서 온다,평점 항목 없음
2247,그녀는 구멍봉사자,평점 항목 없음
2248,그녀의 섹스는 잘못이 없다,평점 항목 없음
2249,그녀의 욕정 테라피,평점 항목 없음
2250,그녀의 조갯살,평점 항목 없음
2251,그림자라 불리는 남자들,평점 항목 없음
2252,끝내주는 명기 여상사,평점 항목 없음
2253,내 동생의 여자,평점 항목 없음
2254,너무 쉬운 며느리,평점 항목 없음
2255,넣어준 관리인 무삭제판,평점 항목 없음
2257,농익은 H컵 예비 신부의 전 남친 특급 서비스,평점 항목 없음
2258,다 받아주는 콜센터,평점 항목 없음
2259,달콤한 스캔들,평점 항목 없음
2262,대가리3-일진후배들,평점 항목 없음
2264,더 인턴:여상사의 세가지 맛,평점 항목 없음
2265,데인저 파크,평점 및 리뷰 없음
2266,동정뺏은 아랫도리,평점 항목 없음
2267,동정뺏은 아랫도리 무삭제판,평점 항목 없음
2268,두자매의 섹시한 변태,평점 항목 없음
2269,땀샘터진 형의아내 무삭제판,평점 항목 없음
2270,땀에 젖은 새엄마 무삭제판,평점 항목 없음
2271,로드킬,평점 항목 없음
2273,리본,평점 항목 없음
2274,마마2,평점 항목 없음
2275,마사지에 빠진 예비신부,평점 항목 없음
2276,만취녀:참지 말고 먹어요,평점 항목 없음
2277,맛 좋은 새아빠,평점 항목 없음
2278,맛가버린 맛사지,평점 항목 없음
2279,맛가버린 맛사지 무삭제판,평점 항목 없음
2280,맛난 첫사랑,평점 항목 없음
2281,맛있는 새엄마2 무삭제판,평점 항목 없음
2282,매일 밤 흥건한 유부녀,평점 항목 없음
2283,모리사와 카나의 동정탈출,평점 항목 없음
2284,몸매 좋은 그녀 맛보기,평점 항목 없음
2286,무방비 형수,평점 항목 없음
2287,물 오른 엄마친구,평점 항목 없음
2289,발정나 몸바치는 유부녀들,평점 항목 없음
2290,발정난 새엄마 한 번으론 모자라,평점 항목 없음
2291,발정난 형수와 두 남자,평점 항목 없음
2292,밝히는자매들-무삭제,평점 항목 없음
2293,벗겨진 옆집여자,평점 항목 없음
2294,보험왕의특별한마사지-무삭제,평점 항목 없음
2295,불량탐정 레거시,평점 항목 없음
2296,불쾌한 섹스 무삭제판,평점 항목 없음
2297,블랙머니,평점 및 리뷰 없음
2298,비밀방의 선물,평점 항목 없음
2299,사이판 로맨스 복수의 칼,평점 항목 없음
2300,새엄마 구멍 채우기 무삭제판,평점 항목 없음
2301,새엄마는 궁합친구 무삭제판,평점 항목 없음
2302,새엄마는 잘빠는 체질,평점 항목 없음
2303,새엄마는 잘빠는 체질 무삭제판,평점 항목 없음
2304,새엄마와 끈적한 여행,평점 항목 없음
2305,새엄마의 계곡물,평점 항목 없음
2306,새엄마의 떡정,평점 항목 없음
2307,새엄마의 뜨거운 속살2,평점 항목 없음
2308,새엄마의 사정,평점 항목 없음
2309,새엄마의 속살,평점 항목 없음
2310,새엄마의 아찔유혹,평점 항목 없음
2311,섀도우 마스터,평점 및 리뷰 없음
2312,성스러운 아내 무삭제판,평점 항목 없음
2313,세 여자의 교환섹스,평점 항목 없음
2314,세웠더니 싸드라,평점 항목 없음
2315,세웠더니 싸드라 무삭제판,평점 항목 없음
2316,섹스 디자이너 레이코,평점 항목 없음
2317,섹스돌:리얼 정사,평점 항목 없음
2318,섹스인형 : 그녀의 온도,평점 항목 없음
2320,소원 들어주는 착한 며느리,평점 항목 없음
2322,숏컷 그녀의 금욕 폭발,평점 항목 없음
2323,순수녀들과의 더블 플레이,평점 항목 없음
2324,스타킹 : 그녀의 음모,평점 항목 없음
2325,스타킹 : 그녀의 음모 무삭제판,평점 항목 없음
2327,승하의 벗방,평점 항목 없음
2328,시트적신 여기사 무삭제판,평점 항목 없음
2329,아내보다 잘 해주는 장모,평점 항목 없음
2330,아내의젊은새엄마-무삭제,평점 항목 없음
2331,아는사이 무삭제판,평점 항목 없음
2333,암수 부부의 정사 노트,평점 항목 없음
2334,애욕의 사정공간 무삭제판,평점 항목 없음
2335,어린 새엄마:오늘밤 둘이서,평점 항목 없음
2336,어린 새엄마가 좋아,평점 항목 없음
2337,어린 장모:대물 사위,평점 항목 없음
2339,엄마의 손맛,평점 항목 없음
2340,엄마의 손맛 무삭제판,평점 항목 없음
2341,엄마의 연애 2 무삭제,평점 항목 없음
2342,옆집 누나:젖은 하루,평점 항목 없음
2343,옆집 유부녀가 발정났다,평점 항목 없음
2344,옆집엄마 맛있더라,평점 항목 없음
2345,예쁜 새댁 무삭제,평점 항목 없음
2346,오피스텔: 친구애인 무삭제,평점 항목 없음
2347,외로운 새엄마:크고 단단한게 필요해,평점 항목 없음
2348,외로운 장모를 위로하는 대물 사위,평점 항목 없음
2349,요가녀의 매끈한 몸,평점 항목 없음
2350,욕구불만 며느리:당장 하고싶어요,평점 항목 없음
2351,욕정터진 새엄마:마지막 한 방울까지,평점 항목 없음
2352,우리 바꿔서 할래요?,평점 항목 없음
2353,유부녀 전용 클럽,평점 항목 없음
2354,유부녀의 사육 무삭제판,평점 항목 없음
2355,유혹의 한계,평점 항목 없음
2356,육덕장모:참을 수 없는 날,평점 항목 없음
2357,윤율의 사내불륜,평점 항목 없음
2358,은밀한 하숙집,평점 항목 없음
2359,음란 간병인,평점 항목 없음
2360,음란한 사과,평점 항목 없음
2361,음욕의 신혼생활 무삭제판,평점 항목 없음
2362,이모에게 저지른 날,평점 항목 없음
2363,이모에게 저지른 날 무삭제판,평점 항목 없음
2364,이웃 여자:맛 보실래요?,평점 항목 없음
2367,잘 빨아주는 이웃들,평점 항목 없음
2368,절정의 맛,평점 항목 없음
2369,젊은 새엄마:달아오른 하루,평점 항목 없음
2370,젖 큰 가정교사와 이대일,평점 항목 없음
2371,젖어드는 어린 며느리,평점 항목 없음
2373,죽음의 서약,평점 항목 없음
2374,지인의 노랑꽃,평점 항목 없음
2377,질펀한 면접기:한 번 봅시다,평점 항목 없음
2378,채담의섹스일타강의-무삭제,평점 항목 없음
2380,첫사랑 그리고 첫 섹스,평점 항목 없음
2382,촉촉한 며느리,평점 항목 없음
2384,카렌의 에로소설,평점 항목 없음
2385,카토 츠바키의 동정사냥,평점 항목 없음
2386,카토 츠바키의 동정여행,평점 항목 없음
2387,커플교환섹스 무삭제,평점 항목 없음
2388,쾌락 찾은 며느리,평점 항목 없음
2389,크게 만족한 아내 무삭제판,평점 항목 없음
2391,킬러 하이드,평점 항목 없음
2394,퇴마록,평점 항목 없음
2395,하타노 유이와 자매들의 몸 알바,평점 항목 없음
2397,형수:한 번 해봅시다,평점 항목 없음
2398,혼숙생활 무삭제,평점 항목 없음
2399,환상섹스:리얼돌 히비키,평점 항목 없음
2400,활짝 벌린 이모님,평점 항목 없음
2401,활짝 벌린 이모님 무삭제판,평점 항목 없음
2402,흠뻑 젖은 새엄마,평점 항목 없음
2403,흥건한 제수씨:불타는 밤,평점 항목 없음
2404,힐링하우스 : 섹스의 왕국,평점 항목 없음
2413,내 이름은 독고탁,평점 항목 없음
2416,달밤체조 2015,평점 및 리뷰 없음
2417,더 컨덕터,평점 항목 없음
2437,야행,평점 항목 없음
2441,엄마 없는 하늘 아래,평점 항목 없음
2457,챔피언스,평점 항목 없음
2458,처녀들의 저녁식사,평점 항목 없음
2461,탐정 당인: 차이나타운 살인사건,평점 및 리뷰 없음
2486,변신,평점 항목 없음
2492,클로젯,평점 항목 없음
2506,캣츠,평점 항목 없음
2561,노바디,평점 항목 없음
2573,로켓맨,평점 항목 없음
2578,원더랜드,평점 항목 없음
2590,에어로너츠,평점 항목 없음
2598,뉴 뮤턴트,평점 및 리뷰 없음
2601,더 룸,평점 항목 없음
2631,오픈 더 도어,평점 항목 없음
2635,캐리tv 러브콘서트 더 무비,평점 항목 없음
2648,리틀 포니 프린세스,평점 및 리뷰 없음
2652,킹덤 오브 헤븐: 디렉터스 컷,평점 항목 없음
2667,유령선,평점 항목 없음
2675,강철비2 : 정상회담 확장판,평점 항목 없음
2678,더 터닝,평점 항목 없음
2682,물의 기억,평점 항목 없음
2687,송가인 더 드라마,평점 항목 없음
2690,돈 워리,평점 항목 없음
2693,극장판 요괴워치: 포에버 프렌즈,평점 항목 없음
2702,커넥트,평점 항목 없음
2704,터미네이터2 3D,평점 항목 없음
2715,리플레이,평점 항목 없음
2722,와일드라이프,평점 항목 없음
2726,시크릿 가든,평점 항목 없음
2733,목격자-눈이 없는 아이,평점 항목 없음
2749,사랑의 선물,평점 항목 없음
2755,딥워터,평점 항목 없음
2756,존 윅: 특별판,평점 항목 없음
2765,트로이 디렉터스 컷,평점 항목 없음
2771,로건,평점 항목 없음
2773,마리오네트,평점 항목 없음
2797,차일드 인 타임,평점 항목 없음
2805,벨 칸토,평점 항목 없음
2826,시빌,평점 항목 없음
2829,심판,평점 항목 없음
2843,디지몬 어드벤처 : 라스트 에볼루션 인연,평점 항목 없음
2866,로망,평점 항목 없음
2872,로그,평점 항목 없음
2874,랜드,평점 항목 없음
2882,구원,평점 항목 없음
2885,영웅본색,평점 항목 없음
2888,호프,평점 항목 없음
2895,스노우 화이트,평점 항목 없음
2909,공포체험단 곤지암편,평점 항목 없음
2935,디 아더 사이드,평점 항목 없음
2941,도미노,평점 항목 없음
2953,악몽,평점 항목 없음
2963,그리드,평점 항목 없음
2986,캡틴 마블,평점 항목 없음
2987,벌룬,평점 항목 없음
2996,이다,평점 항목 없음
3004,장마,평점 항목 없음
3005,걸즈 앤 판처 제​ 63회 전차도 전국 고교생 대회,평점 항목 없음
3008,리메인,평점 항목 없음
3012,스왈로우,평점 항목 없음
3022,프리즈너,평점 항목 없음
3026,애심,평점 항목 없음
3027,로마,평점 항목 없음
3047,큐리오사,평점 항목 없음
3051,호흡,평점 항목 없음
3053,졸업,평점 항목 없음
3056,에이리언즈 원,평점 항목 없음
3065,4인의 무뢰한,평점 항목 없음
3077,라푼젤,평점 항목 없음
3095,스킨,평점 항목 없음
3103,소나기,평점 항목 없음
3112,죠스,평점 항목 없음
3116,"오늘, 우리",평점 항목 없음
3118,하트,평점 항목 없음
3119,데빌 인 더 캐빈,평점 항목 없음
3123,아르코라이브 뮤지컬 안테모사,평점 항목 없음
3131,새벽의 저주: 악령의 부활,평점 항목 없음
3160,라빠르망,평점 항목 없음
3168,"이별유예, 일주일",평점 항목 없음
3170,람메르무어의 루치아,평점 항목 없음
3173,더 터널,평점 항목 없음
3196,신패왕화 : 예스마담,평점 및 리뷰 없음
3203,아임 낫 데어,평점 항목 없음
3210,착신아리,평점 및 리뷰 없음
3211,스크림,평점 항목 없음
3213,고양이 춤,평점 항목 없음
3215,사이코패스 시너스 오브 더 시스템 케이스1: 죄와 벌,평점 및 리뷰 없음
3216,사이코패스 시너스 오브 더 시스템 케이스2: 퍼스트 가디언,평점 및 리뷰 없음
3218,카메라를 멈추면 안 돼! 스핀오프 할리우드 대작전!,평점 항목 없음
3222,콩쥐별전 - 전주성의 비밀,평점 항목 없음
3227,메피스토,평점 항목 없음
3228,아드리아나 르쿠브뢰르,평점 항목 없음
3231,살로메,평점 항목 없음
3236,더 워닝,평점 및 리뷰 없음
3239,주세페 베르디의 '레퀴엠',평점 항목 없음
3251,빛이 있으라,평점 항목 없음
3260,세븐,평점 항목 없음
3266,아빠는 딸,평점 항목 없음
3267,루비,평점 항목 없음
3275,악의 손길,평점 항목 없음
3283,매니페스토,평점 항목 없음
3284,낮손님,평점 항목 없음
3323,인플루언서,평점 항목 없음
3332,소림천하,평점 및 리뷰 없음
3334,영원과 하루,평점 항목 없음
3340,BBC프롬스: 아르헤리치와 바렌보임 콘서트,평점 항목 없음
3341,출동! 시크릿 보틀 수호대,평점 항목 없음
3343,아빠와 딸,평점 항목 없음
3359,금의위 3인의 무사,평점 항목 없음
3368,동생의 아내,평점 항목 없음
3370,내 여자의 맛,평점 항목 없음
3371,내 친구의 딸2,평점 항목 없음
3372,모녀의 노예,평점 항목 없음
3373,어린 식모,평점 항목 없음
3375,에드워드,평점 항목 없음
3378,내가 사는 세상,평점 항목 없음
3384,그들의 씨받이,평점 항목 없음
3392,누구나 비밀은 있다- 간호일기,평점 항목 없음
3394,바다의 사자들,평점 및 리뷰 없음
3396,기생춘 감독판,평점 항목 없음
3398,걸작,평점 항목 없음
3399,내 여자의 남자들,평점 항목 없음
3409,황야는 통곡한다,평점 및 리뷰 없음
3410,주말 오후6시의 연인,평점 항목 없음
3411,몽정 : 파는여자,평점 항목 없음
3412,식모-머피의 법칙,평점 항목 없음
3413,아내와 내 친구들,평점 항목 없음
3414,어린 처제 4,평점 항목 없음
3415,주부남편의 발기찬 바깥생활,평점 항목 없음
3416,처제의 비밀,평점 항목 없음
3426,"처제는, 처제와, 처제의...",평점 항목 없음
3428,가싶녀,평점 항목 없음
3430,식모-아내의 친구,평점 항목 없음
3432,자매들:감금의 추억,평점 항목 없음
3442,완전한 세상,평점 항목 없음
3452,툴리,평점 항목 없음
3463,인 더 하우스,평점 항목 없음
3464,메이드 인 홍콩,평점 항목 없음
3482,내 어머니의 모든 것,평점 항목 없음
3484,잊지 않았어요,평점 및 리뷰 없음
3486,나의 먼 가족,평점 항목 없음
3488,양철북,평점 항목 없음
3492,갈증,평점 항목 없음
3503,어린과부,평점 항목 없음
3507,"센베노,평창",평점 및 리뷰 없음
3518,방문객,평점 항목 없음
3526,시니어퀸 : 58년 개띠 여고동창생,평점 항목 없음
3528,콜레트,평점 항목 없음
3529,흑집사 -북 오브 더 아틀란틱-,평점 항목 없음
3548,인어전설,평점 항목 없음
3549,11인의 카우보이,평점 항목 없음
3552,타이탄,평점 항목 없음
3561,아메리칸 플레이보이,평점 항목 없음
3562,엄마와 딸의 은밀한 밤,평점 항목 없음
3565,피나,평점 항목 없음
3567,아들의 아내2,평점 항목 없음
3578,몬테월슈,평점 항목 없음
3581,그림자 먹는 개,평점 및 리뷰 없음
3589,여사원:음란거래,평점 항목 없음
3590,토탈 이클립스,평점 항목 없음
3599,탈출,평점 항목 없음
3604,피델리티,평점 항목 없음
3609,인시디어스,평점 항목 없음
3610,정사4-위험한 사랑,평점 및 리뷰 없음
3612,경성 81호 : 죽지 않는 집,평점 항목 없음
3613,계부의 욕정,평점 항목 없음
3614,계부의 욕정 무삭제판,평점 항목 없음
3615,공인섹스중개사,평점 항목 없음
3616,교회 여동생,평점 항목 없음
3617,귀신한테 싼다,평점 항목 없음
3618,기운센 시아버지,평점 항목 없음
3619,꿈의직장 스와핑오피스 무삭제판,평점 항목 없음
3620,나는신혼너는재혼,평점 항목 없음
3621,나를 적신 집사,평점 항목 없음
3622,남편 같은 큰 아들,평점 항목 없음
3623,남편 같은 큰 아들 무삭제판,평점 항목 없음
3624,남편 친구,평점 항목 없음
3625,남편 친구 - 무삭제,평점 항목 없음
3626,남편보다 점장님 무삭제판,평점 항목 없음
3627,남편상사들,평점 항목 없음
3628,내 아내는 둘이다 무삭제판,평점 항목 없음
3629,내 여자의 남자들 2 무삭제판,평점 항목 없음
3630,내 여자의 변태욕정,평점 항목 없음
3631,내 여자의 변태욕정 무삭제판,평점 항목 없음
3632,네 번째 엄마,평점 항목 없음
3633,네번째 엄마 무삭제,평점 항목 없음
3634,늑대소녀 야생소녀를 교육하다 무삭제판,평점 항목 없음
3635,니 남편 니 아내,평점 항목 없음
3636,다시 맛난 선생님 무삭제판,평점 항목 없음
3637,다시맛난 선생님,평점 항목 없음
3638,당신이 기쁘다면 무삭제판,평점 항목 없음
3639,더 넌 : 돌아온 저주,평점 항목 없음
3640,더러운아내 무삭제판,평점 항목 없음
3641,데스 룰렛,평점 항목 없음
3642,때려야 싼다,평점 항목 없음
3645,맘,평점 항목 없음
3646,맛있는 섹스 그리고 요정,평점 항목 없음
3647,미소녀 파라다이스 베이글녀 마을,평점 항목 없음
3648,미소녀 파라다이스 베이글녀 마을 무삭제판,평점 항목 없음
3649,미스캡틴 : 섹시 히어로즈,평점 항목 없음
3650,바람난 아내의 비밀,평점 항목 없음
3651,백신 모유를 가진 그녀,평점 항목 없음
3653,블러드 헌터스: 라이즈 오브 하이브리드,평점 항목 없음
3654,상사의 아내2 무삭제판,평점 항목 없음
3655,섹스노예 무삭제판,평점 항목 없음
3656,"스와핑, 그 위험한 섹스",평점 항목 없음
3657,에이전트 미스터 찬,평점 항목 없음
3658,엑스터시 다이어리,평점 및 리뷰 없음
3659,여배우: 섹스수업 무삭제판,평점 항목 없음
3660,여자친구의 맛 2,평점 항목 없음
3661,옆집유부녀 강탈,평점 항목 없음
3662,욕정 마사지,평점 항목 없음
3663,욕정의 며느리2 무삭제판,평점 항목 없음
3664,월간 주부생활,평점 항목 없음
3665,육덕진 제자 무삭제판,평점 항목 없음
3666,이모네 미용실 문 닫는 날,평점 항목 없음
3667,이모네 미용실 문 닫는 날 무삭제판,평점 항목 없음
3668,익스페트리어트,평점 및 리뷰 없음
3669,자매의 정사,평점 항목 없음
3670,작전명 아이다호,평점 및 리뷰 없음
3671,채승하의 비밀의 숲,평점 항목 없음
3672,탐스런 옆집아내 무삭제판,평점 항목 없음
3673,파이널 샷,평점 및 리뷰 없음
3674,팔려버린 아내 무삭제판,평점 항목 없음
3675,한지붕 세가족 무삭제판,평점 항목 없음
3676,할로우 포인트,평점 항목 없음
3677,해브 어 나이스 데이,평점 항목 없음
3678,형수사용설명서,평점 항목 없음
3679,혼숙생활,평점 항목 없음
3680,더 블루스-소울 오브 맨,평점 항목 없음
3687,러브 호텔,평점 항목 없음
3696,스틸 더 머니: 314 비밀금고,평점 항목 없음
3697,엘 마르,평점 항목 없음
3698,이상한 게임,평점 항목 없음
3702,나의 한국어 선생님,평점 및 리뷰 없음
3703,마돈나 진실 혹은 대담,평점 항목 없음
3705,음란주택:노예가 된 아내,평점 항목 없음
3708,목공소에서 생긴 일,평점 항목 없음
3710,신천역 3번출구,평점 항목 없음
3711,아내를 빌려드립니다,평점 항목 없음
3729,디재스터 라이프,평점 및 리뷰 없음
3731,이세상 끝까지,평점 항목 없음
3736,러빙 빈센트 : 비하인드 에디션,평점 항목 없음
3743,테이크 미 홈,평점 항목 없음
3758,솔저 블루,평점 항목 없음
3760,전웅 맥아더,평점 항목 없음
3763,하녀엄마,평점 항목 없음
3769,떼시스,평점 항목 없음
3771,제국,평점 항목 없음
3780,나타샤,평점 항목 없음
3805,르 가르슈,평점 항목 없음
3818,우리 누나 친구 무삭제,평점 항목 없음
3825,애인대행,평점 항목 없음
3840,바꿔 할래? 무삭제,평점 항목 없음
3842,썸머 스톰,평점 항목 없음
3850,며느리의 남자 무삭제,평점 항목 없음
3851,환상속의 그대,평점 항목 없음
3855,변신,평점 항목 없음
3859,은밀한 스와핑,평점 항목 없음
3861,친구네 엄마,평점 항목 없음
3863,하녀엄마 : 끝없는 정사,평점 항목 없음
3864,가정부가 야동처럼 보일때,평점 항목 없음
3865,가족 연애사,평점 항목 없음
3866,남편몰래 들이대는 새아들,평점 항목 없음
3867,내 친구의 딸,평점 항목 없음
3869,늦은 발정기,평점 항목 없음
3872,데드 앤트 - 거대개미의 습격,평점 항목 없음
3874,동네 오빠들,평점 항목 없음
3875,동서의 손맛,평점 항목 없음
3876,룸싸롱 여대생들 2,평점 항목 없음
3877,밀애 2019 무삭제,평점 항목 없음
3878,부부교환의 목적,평점 항목 없음
3879,불륜축제-깊숙한 그곳에,평점 항목 없음
3882,사촌누나의 성상담,평점 항목 없음
3884,섹스남녀 : 우린 속 궁합이 잘 맞아 무삭제,평점 항목 없음
3885,소금맛이 나는 여자,평점 항목 없음
3886,스와핑 : 상사의 아내 무삭제,평점 항목 없음
3887,스와핑 동창회,평점 항목 없음
3890,시아버지의 여자 2,평점 항목 없음
3891,신부의 아버지,평점 항목 없음
3892,아내가 그놈에게 당했다 무삭제,평점 항목 없음
3894,아들의 여자,평점 항목 없음
3895,아름다운 장모,평점 항목 없음
3896,알몸배달 섹스맛집,평점 항목 없음
3897,엄마의 직업 2,평점 항목 없음
3899,여친 언니 2,평점 항목 없음
3900,여친 엄마 3 무삭제,평점 항목 없음
3902,옷 잘 벗는 예쁜 누나,평점 항목 없음
3903,음란주택2 : 노예계약,평점 항목 없음
3904,작은 엄마 2 무삭제,평점 항목 없음
3905,전망 좋은 하숙집,평점 항목 없음
3906,직장 연애사,평점 항목 없음
3907,착한 엄마 3,평점 항목 없음
3908,착한 엄마친구 3,평점 항목 없음
3909,침대에서 만난 가정부,평점 항목 없음
3911,큰놈 바이러스,평점 항목 없음
3912,타겟트,평점 항목 없음
3915,형수의 유혹,평점 항목 없음
3916,흔적,평점 항목 없음
3918,말할 수 없는 비밀:이모와의 관계,평점 항목 없음
3919,베이 오브 사일런스,평점 및 리뷰 없음
3920,시간 여행자의 두 아내,평점 항목 없음
3926,남매의 세계,평점 항목 없음
3930,타인의 삶,평점 항목 없음
3935,블러드하운드,평점 항목 없음
3948,언제나 마음은 태양,평점 및 리뷰 없음
3967,고급창녀,평점 항목 없음
3970,완벽한 스와핑2,평점 항목 없음
3982,매춘: 은밀한 제안들,평점 항목 없음
3983,법피아,평점 항목 없음
3985,아프리카,평점 항목 없음
4002,걸스 스텝,평점 및 리뷰 없음
4005,초인,평점 항목 없음
4008,그랜드퍼커 회춘할배,평점 항목 없음
4013,자가격리파트너 윤아,평점 항목 없음
4016,그럼에도 불구하고,평점 항목 없음
4031,북극의 제왕,평점 항목 없음
4035,히치하이크,평점 항목 없음
4037,누군가 있다,평점 항목 없음
4039,발정난 미망인의 유혹,평점 항목 없음
4041,식지 않는 유부녀의 팬티 속,평점 항목 없음
4046,원정녀 2호의 사연,평점 항목 없음
4049,21살승하의아이돌비밀일기,평점 항목 없음
4050,21살승하의아이돌비밀일기-무삭제,평점 항목 없음
4051,24살윤율의섹시한젖가슴,평점 항목 없음
4052,24살윤율의섹시한젖가슴-무삭제,평점 항목 없음
4054,AV 복귀 그리고 첫 섹스,평점 항목 없음
4055,A형젖큰여자친구,평점 항목 없음
4056,A형젖큰여자친구_무삭제,평점 항목 없음
4057,G컵녀의 3인 3섹,평점 항목 없음
4058,O형수박가슴가정부,평점 항목 없음
4059,O형수박가슴가정부-무삭제,평점 항목 없음
4061,가슴 크고 귀여운 청순녀의 표정,평점 항목 없음
4062,가슴이 이쁜 그녀와 섹스판타지,평점 항목 없음
4063,가족이 되기까지,평점 및 리뷰 없음
4064,강제로 속옷 파는 회사 여직원들,평점 항목 없음
4065,개인교수 : 여친 만족 시키기 무삭제,평점 항목 없음
4066,거근에 중독된 미모의 내 아내,평점 항목 없음
4069,게이트 키퍼: 또 다른 세계,평점 및 리뷰 없음
4070,결혼 전:조금은 특별한 마사지,평점 항목 없음
4071,과부장모:속궁합이 궁금해,평점 항목 없음
4072,"관전, 섹스 과외",평점 항목 없음
4073,괜찮아 몽정이야,평점 항목 없음
4074,구멍동서 2 감독판,평점 항목 없음
4075,구멍동서 감독판,평점 항목 없음
4076,구멍동서2,평점 항목 없음
4077,구속,평점 항목 없음
4078,굶주린 유부녀:너무 하고 싶어,평점 항목 없음
4079,굿와이프:아내체험현장 무삭제판,평점 항목 없음
4080,귀여운 방판녀의 특별한 서비스,평점 항목 없음
4082,그녀의 복수:남자사냥,평점 항목 없음
4083,그때 그 사람들,평점 항목 없음
4085,기러기 아빠 : 20대 섹스 파트너들,평점 항목 없음
4086,기러기 아빠 : 20대 섹스 파트너들 무삭제,평점 항목 없음
4087,기린의 날개,평점 항목 없음
4088,긴섹충 무삭제,평점 항목 없음
4090,깡패들 무삭제,평점 항목 없음
4092,나만의 판타지 섹스,평점 항목 없음
4094,남의 아내를 탐하다,평점 항목 없음
4095,남의 아내를 탐하다 무삭제판,평점 항목 없음
4096,남자낚시-팬티로 낚는 유부녀,평점 항목 없음
4097,남편 동료의 농밀한 섹스테크닉,평점 항목 없음
4098,남편 몰래 바람난 유부녀,평점 항목 없음
4099,남편 몰래 즐기는 이쁜 청순녀,평점 항목 없음
4100,남편 부하에게 타락되어 젖는 육체,평점 항목 없음
4101,남편 상사의 노예가 된 아내,평점 항목 없음
4102,남편 친구와 즐기는 육덕아내,평점 항목 없음
4103,남편 친구의 유혹,평점 항목 없음
4104,남편은 모르는 아내의 육체,평점 항목 없음
4105,남편은 없어 새엄마,평점 항목 없음
4106,남편의 초대남,평점 항목 없음
4107,남편친구들 무삭제판,평점 항목 없음
4108,"낯선 남편, 익숙한 X",평점 항목 없음
4109,내 동생의 아내 무삭제,평점 항목 없음
4110,내 상사의 부인,평점 항목 없음
4111,내 아내의 변태욕구,평점 항목 없음
4112,내 아내의 섹파 무삭제판,평점 항목 없음
4113,내 여자 친구의 동생,평점 항목 없음
4114,내 여자가 된 선생님 2,평점 항목 없음
4115,내 첫경험은 친구엄마,평점 항목 없음
4116,내겐 너무 아찔한 새엄마,평점 항목 없음
4117,내여자에게 남자가 생겼다,평점 항목 없음
4118,내연녀,평점 항목 없음
4119,너무 큰 여선배 - 무삭제,평점 항목 없음
4120,노브라 옆집 유부녀,평점 항목 없음
4121,농밀한 그녀의 서비스,평점 항목 없음
4122,누나 친구 3 무삭제,평점 항목 없음
4123,누드모델이 된 아내,평점 항목 없음
4125,능숙한 아줌마-쾌락의 손기술,평점 항목 없음
4126,다 해주는 착한 형수,평점 항목 없음
4127,달콤한 처제,평점 항목 없음
4128,대물 남친:남편과는 다른 맛,평점 항목 없음
4129,대물의 유혹:많이 쌓였죠?,평점 항목 없음
4130,대탈주: 디비전 19,평점 및 리뷰 없음
4131,더 인터프리터,평점 및 리뷰 없음
4132,더럽혀진 예비신부,평점 항목 없음
4136,동네오빠들 무삭제판,평점 항목 없음
4137,동생의 어린 아내-무삭제판,평점 항목 없음
4138,동호회의 목적 2 무삭제,평점 항목 없음
4139,드래곤블랙,평점 항목 없음
4140,딴놈의 아내,평점 항목 없음
4141,뜨거운 새엄마,평점 항목 없음
4144,런던워Z: 레드콘,평점 및 리뷰 없음
4145,레이코 선생님의 음란한 과외,평점 항목 없음
4148,로그 워페어 2 더 헌트,평점 및 리뷰 없음
4151,롯폰기:불타는 하룻밤,평점 항목 없음
4152,롯폰기:불타는 하룻밤 무삭제판,평점 항목 없음
4153,룸싸롱 여대생들,평점 항목 없음
4154,룸싸롱 여대생들 2 무삭제,평점 항목 없음
4155,리벤지: 엄마의 분노,평점 항목 없음
4156,리얼돌:부드럽게 다뤄줘요,평점 항목 없음
4157,리얼돌:최고의 명기,평점 항목 없음
4159,마사지에 빠진 스튜어디스들,평점 항목 없음
4160,마음껏 느끼는 바람난 아내,평점 항목 없음
4161,마조히스트:형수,평점 항목 없음
4162,막장자매 클라쓰,평점 항목 없음
4163,막주기로 소문난 도쿄새댁,평점 항목 없음
4164,많이 쌓인 형수:우리 해볼까?,평점 항목 없음
4165,맛있는 세자매 2,평점 항목 없음
4166,맛있는 이모,평점 항목 없음
4167,망상으로 흥분하는 오피스레이디,평점 항목 없음
4168,멈추지 않는 하반신,평점 항목 없음
4169,며느리의 남자,평점 항목 없음
4170,며느리의 사랑,평점 항목 없음
4171,며느리의 사랑 무삭제,평점 항목 없음
4172,며느리의 속사정:비밀 정사,평점 항목 없음
4173,며느리의 유혹,평점 항목 없음
4174,모녀 카센터,평점 항목 없음
4175,모녀들의 은밀한 유혹,평점 항목 없음
4176,목욕탕 속 사정,평점 항목 없음
4177,몸 달은 새엄마의 유혹,평점 항목 없음
4178,몸 달은 세 모녀,평점 항목 없음
4179,못말리는 며느리,평점 항목 없음
4180,못하는 여자,평점 항목 없음
4184,미모의 리얼돌과 황홀한 정사,평점 항목 없음
4185,밀애 2019,평점 항목 없음
4186,밀애-남편이 잠든 사이,평점 항목 없음
4188,바람난 가족:새엄마와 아들편,평점 항목 없음
4189,바람난 새엄마:밤이 외로워,평점 항목 없음
4190,바람난 아내:남편상사와 아찔한 섹스,평점 항목 없음
4191,바람난 아내:질펀한 일탈,평점 항목 없음
4192,바람난 유부녀,평점 항목 없음
4193,바람난 유부녀들의 밀애,평점 항목 없음
4194,바람에 날라온 유부녀 팬티,평점 항목 없음
4195,바람에 날라온 유부녀 팬티 무삭제판,평점 항목 없음
4196,바람의 검 - 적영자,평점 항목 없음
4197,발정난 가족,평점 항목 없음
4198,발정난 새엄마:은밀한 유혹,평점 항목 없음
4199,발정난 새엄마의 밀애,평점 항목 없음
4200,발정난 새엄마의 유혹,평점 항목 없음
4201,발정난 아내 에츠코,평점 항목 없음
4202,발정난 아내의 유혹,평점 항목 없음
4203,발정난 유부녀들,평점 항목 없음
4204,밝히는 새엄마,평점 항목 없음
4205,밝히는 여상사:신입 교육,평점 항목 없음
4206,밝히는새엄마-무삭제,평점 항목 없음
4207,방판녀의 신들린 허리놀림,평점 항목 없음
4209,벌거벗은 옆집여자들,평점 항목 없음
4210,보험회사 사축녀,평점 항목 없음
4211,볼빨간 가정부,평점 항목 없음
4212,볼빨간 며느리,평점 항목 없음
4213,부!,평점 및 리뷰 없음
4214,부장에게 길들여진 거유여직원,평점 항목 없음
4215,부장의 젊은 아내-무삭제판,평점 항목 없음
4216,부장의 젊은아내,평점 항목 없음
4217,불륜 동창회 2 무삭제,평점 항목 없음
4218,불륜온천의 뜨거운 밤,평점 항목 없음
4219,불륜유부녀-되살아난 육욕,평점 항목 없음
4220,비밀친구,평점 항목 없음
4222,사내정사: 은밀한 회의실 무삭제,평점 항목 없음
4223,사위 사랑은 장모,평점 항목 없음
4224,사장에게 실제 흥분하는 육덕미인,평점 항목 없음
4225,사장에게 유혹당하는 여배우 지망생,평점 항목 없음
4226,사정의 불시착,평점 항목 없음
4227,사탄의 드론,평점 및 리뷰 없음
4228,새아들,평점 항목 없음
4229,새아들 무삭제,평점 항목 없음
4230,"새엄마-비밀,그리고 야한 짓",평점 항목 없음
4231,새엄마-질펀한 하루,평점 항목 없음
4232,새엄마:남편 대신 아들,평점 항목 없음
4233,새엄마:아찔한 유혹,평점 항목 없음
4234,새엄마는 열아홉,평점 항목 없음
4235,새엄마들:만족시켜줘,평점 항목 없음
4236,색기 꽉 찬 불륜녀들,평점 항목 없음
4237,색밝히는 가정부,평점 항목 없음
4240,선생님을 위한 특급 서비스,평점 항목 없음
4241,성교육 시켜주는 리얼돌,평점 항목 없음
4242,성욕 넘치는 아내의 일탈,평점 항목 없음
4244,성인용품 판매원 쿄코의 특별한 영업,평점 항목 없음
4245,세 여자,평점 항목 없음
4246,세 자매:교환섹스,평점 항목 없음
4247,섹귀 : 섹스에 미친 귀신들,평점 항목 없음
4248,섹스 온천: 전설의 여관 여주인,평점 항목 없음
4249,섹스 카운셀러:성감 클리닉,평점 항목 없음
4250,섹스남녀 : 우린 속 궁합이 잘 맞아,평점 항목 없음
4251,섹시 안드로이드:뜨거운 교미,평점 항목 없음
4252,섹시한 방문판매원 마오,평점 항목 없음
4253,섹시한 이웃 자매,평점 항목 없음
4254,소희의은근히꼴리는사생활,평점 항목 없음
4255,손맛에 가버린 사모님,평점 항목 없음
4256,손빨래하는 여자,평점 항목 없음
4257,손빨래하는 여자 무삭제판,평점 항목 없음
4259,수상한 우리숙모,평점 항목 없음
4260,수상한동거-무삭제,평점 항목 없음
4261,숙모의 하얀 속옷,평점 항목 없음
4262,순수한 동네 여동생,평점 항목 없음
4263,술 취해 잠든 귀여운 여친,평점 항목 없음
4264,술에 취한 귀여운 그녀들,평점 항목 없음
4265,술취한여대생들,평점 항목 없음
4266,술취한여대생들-무삭제,평점 항목 없음
4267,스릴만점 불륜 섹스,평점 항목 없음
4270,스승의은혜-육체보은,평점 항목 없음
4271,스와핑 : 두 여자,평점 항목 없음
4272,스와핑 : 완벽한 이웃 무삭제,평점 항목 없음
4273,스와핑 : 친구부부의 쾌락 3,평점 항목 없음
4274,스와핑 : 친구부부의 쾌락 3 무삭제,평점 항목 없음
4275,스와핑-초대된남과여,평점 항목 없음
4277,스코어 투 셔틀,평점 및 리뷰 없음
4278,스티븐 시걸의 제네럴 커맨더,평점 및 리뷰 없음
4282,시아버지의 여자-무삭제판,평점 항목 없음
4283,시아버지의 유혹,평점 항목 없음
4284,시월드 무삭제,평점 항목 없음
4285,식모: 머피의 법칙-확장판,평점 항목 없음
4286,식모: 아내의 친구-비하인드,평점 항목 없음
4287,신 복수무정,평점 및 리뷰 없음
4288,신천역 3번출구-확장판,평점 항목 없음
4289,신혼 여선배:시간아 멈춰라,평점 항목 없음
4290,신혼 여선배:시간아 멈춰라 무삭제판,평점 항목 없음
4291,실제로 흐느끼는 육덕 왕가슴 아내,평점 항목 없음
4292,싱글의 세계,평점 항목 없음
4295,쌍둥이 여친 과외하기,평점 항목 없음
4296,쌍둥이 여친 과외하기 무삭제판,평점 항목 없음
4297,쌓여버린 여자들:잔뜩 해주세요,평점 항목 없음
4298,쌓여버린 욕정:너무 하고싶어요,평점 항목 없음
4299,쏠릴땐 옆집 벨을 누른다,평점 항목 없음
4300,아내 빌려주는 남자,평점 항목 없음
4301,아내가 그놈에게 당했다,평점 항목 없음
4302,아내와 내 친구들-무삭제,평점 항목 없음
4303,아내의 남자들,평점 항목 없음
4304,아내의 남자친구-무삭제판,평점 항목 없음
4305,아내의 동창회 2 무삭제,평점 항목 없음
4306,아내의 세계,평점 항목 없음
4307,아는사이,평점 항목 없음
4308,아들 친구를 유혹하는 젊은 엄마,평점 항목 없음
4309,아들의 여자 무삭제,평점 항목 없음
4310,아마추어 유부녀,평점 항목 없음
4312,아저씨 안마만 하세요,평점 항목 없음
4313,아주버님의 끝내주는 물건 무삭제판,평점 항목 없음
4314,아줌마 맛있네요,평점 항목 없음
4315,아트 오브 더 데드,평점 항목 없음
4317,알몸으로 자는 유부녀,평점 항목 없음
4318,애원하는 유부녀,평점 항목 없음
4319,애원하는 유부녀 무삭제,평점 항목 없음
4320,애인이 생기면 하고 싶은 일,평점 항목 없음
4321,야한 새엄마:만족 시켜줘,평점 항목 없음
4322,야한 여자-커다란게 좋아,평점 항목 없음
4323,야한 여자:후배의 아내,평점 항목 없음
4324,양아버지의 뜨거운 맛,평점 항목 없음
4325,어른의 맛,평점 항목 없음
4326,어린 며느리,평점 항목 없음
4327,어린 식모-비하인드,평점 항목 없음
4328,어린 와이프 무삭제,평점 항목 없음
4329,어린 유부녀,평점 항목 없음
4330,어린 처제 4 - 무삭제판,평점 항목 없음
4331,어린과부 무삭제,평점 항목 없음
4333,어제의 아내가 오늘은 정부,평점 항목 없음
4334,얼굴에 육덕둔부 들이미는 친구아내,평점 항목 없음
4335,엄마 친구:여자로 보일 때2,평점 항목 없음
4336,엄마는 사랑이 필요해,평점 항목 없음
4337,엄마의 사랑,평점 항목 없음
4338,엄마의 사랑 무삭제,평점 항목 없음
4339,엄마친구 2020,평점 항목 없음
4340,엄마친구 2020 무삭제,평점 항목 없음
4341,엄마친구 7 무삭제,평점 항목 없음
4342,에일리언 우주전쟁,평점 항목 없음
4344,여동생,평점 항목 없음
4345,여동생 무삭제,평점 항목 없음
4346,여사원의 은밀한 접대수업,평점 항목 없음
4347,여사장 후리꾼,평점 항목 없음
4348,여선생 소시지 파티,평점 항목 없음
4349,여자 동창 : 우리 지금 할까?,평점 항목 없음
4350,여제자 길들이기,평점 항목 없음
4351,여친 언니 2 무삭제,평점 항목 없음
4352,연애 : 섹스의 기술,평점 항목 없음
4353,연애 완전 정복 - 무삭제판,평점 항목 없음
4355,옆집 누나 : 한번 줄까?,평점 항목 없음
4356,옆집 누나 : 한번 줄까? 무삭제,평점 항목 없음
4357,옆집누나의맛-무삭제,평점 항목 없음
4358,예비신부의 첫날밤,평점 항목 없음
4359,예쁜 리포터,평점 항목 없음
4360,예쁜식모2 : 가정부인,평점 항목 없음
4361,예쁜식모2 : 취집전략,평점 항목 없음
4362,예쁜엄마,평점 항목 없음
4363,오르가즘 하숙집,평점 항목 없음
4365,오일 마사지 해주는 이웃여자,평점 항목 없음
4366,오피스와이프:질펀한 야근,평점 항목 없음
4367,오피스텔: 친구애인,평점 항목 없음
4368,온천보다 뜨거운 여주인의 특별한서비스,평점 항목 없음
4369,옷 잘 벗는 예쁜 누나 무삭제,평점 항목 없음
4370,옷을 벗고 알몸으로 주인님과,평점 항목 없음
4371,와이프 대신 처제,평점 항목 없음
4372,완벽한 섹스,평점 항목 없음
4373,완벽한 연애,평점 항목 없음
4375,왕좌의 전쟁: 드래곤 레전드,평점 항목 없음
4376,욕구불만녀:누구라도 오케이,평점 항목 없음
4377,욕망의 쉐어하우스,평점 항목 없음
4378,욕정 터진 유부녀 유카,평점 항목 없음
4379,욕정의 며느리 무삭제판,평점 항목 없음
4380,우리 누나 친구,평점 항목 없음
4383,원정녀 1호의 사연 무삭제,평점 항목 없음
4384,웰컴 투 스웨덴,평점 및 리뷰 없음
4385,유부녀 교환섹스,평점 항목 없음
4386,유부녀 맛보기,평점 항목 없음
4387,유부녀를 노리는 나쁜 손길,평점 항목 없음
4388,유흥1번가 : 클럽 그레이스,평점 항목 없음
4389,육덕진 외숙모 달래주기,평점 항목 없음
4390,육체교실:미모의 여선생,평점 항목 없음
4391,은밀하고 음란한 아내의 헌신,평점 항목 없음
4392,은밀한 스와핑 무삭제판,평점 항목 없음
4393,음란 택배기사와 거유 사모님,평점 항목 없음
4394,음란가족:남자 맛보기,평점 항목 없음
4395,음란주택:노예가 된 아내 무삭제판,평점 항목 없음
4396,음란한 그녀의 남자꼬시기,평점 항목 없음
4397,음란한 시아버지와 며느리,평점 항목 없음
4398,음란한 아내-야릇한 오후,평점 항목 없음
4399,음란한 안드로이드,평점 항목 없음
4400,음란한 피:한여자 세남자,평점 항목 없음
4401,음탕한 여자-풍기는 밤꽃향기,평점 항목 없음
4402,음탕한 여자들:뜨거운 정사,평점 항목 없음
4403,음탕한 자매들의 유혹,평점 항목 없음
4404,음탕함에 길들여진 유부녀,평점 항목 없음
4405,의처증 남편의 음탕한 아내,평점 항목 없음
4406,이웃집 명기녀,평점 항목 없음
4407,이유있는 불륜,평점 항목 없음
4408,일본꽐라녀:달아오른 몸뚱이,평점 항목 없음
4409,자매들: 감금의 추억 무삭제판,평점 항목 없음
4410,자매의교환섹스2,평점 항목 없음
4411,자매의교환섹스2-무삭제,평점 항목 없음
4412,자세가 좋은 제수씨,평점 항목 없음
4413,작은 엄마 2,평점 항목 없음
4414,잘 느끼는 장모님,평점 항목 없음
4415,잘세우는 도우미,평점 항목 없음
4417,장모: 두 번째 아내,평점 항목 없음
4418,적극적인 G컵 접대녀,평점 항목 없음
4419,전망 좋은 하숙집 무삭제,평점 항목 없음
4420,전설의 파이터,평점 및 리뷰 없음
4421,젊은 새엄마:터져버린 욕정,평점 항목 없음
4422,젊은 아내의 몸짓,평점 항목 없음
4424,젖어버린 오후:착한 제수씨,평점 항목 없음
4425,조선 스캔들,평점 항목 없음
4427,주말 오후 6시의 연인-무삭제판,평점 항목 없음
4428,주부딜러,평점 항목 없음
4430,중년남과 꿀빠는 온천여관,평점 항목 없음
4431,쥬피터 스타쉽,평점 및 리뷰 없음
4432,즙 짜내는 맛집 여사장,평점 항목 없음
4434,착한 엄마 3 무삭제,평점 항목 없음
4435,착한 엄마친구 3 무삭제,평점 항목 없음
4436,착한 처형 : 마지막 여행 무삭제,평점 항목 없음
4437,착한 형부,평점 항목 없음
4438,착한 형부 무삭제,평점 항목 없음
4439,착한며느리:뜨거운 간호,평점 항목 없음
4440,채팅앱-누나의맛-무삭제,평점 항목 없음
4441,처남의 여자친구,평점 항목 없음
4442,"처제는, 처제와, 처제의...(무삭제판)",평점 항목 없음
4443,처제의 비밀-무삭제,평점 항목 없음
4444,처형의 맛,평점 항목 없음
4445,처형의 유혹,평점 항목 없음
4446,청순한 알바녀,평점 항목 없음
4447,초대받은 배달부 무삭제판,평점 항목 없음
4448,최면 무도 클럽,평점 항목 없음
4451,친구 누나의 팬티,평점 항목 없음
4452,친구 이모,평점 항목 없음
4453,친구 이모 무삭제,평점 항목 없음
4454,친구엄마:은밀한 유혹2,평점 항목 없음
4455,친절한 며느리,평점 항목 없음
4457,캠퍼스 러브스토리-불타는 첫 경험,평점 항목 없음
4458,캠핑촌 아내,평점 항목 없음
4459,커플교환 : 여자친구가 원해서,평점 항목 없음
4460,커플교환섹스,평점 항목 없음
4461,콘플릭트:비열한 거래,평점 항목 없음
4462,콩가루 가족,평점 항목 없음
4463,쿨한 새엄마:하고 또 하고,평점 항목 없음
4465,키스도 부끄러워하는 여직원,평점 항목 없음
4466,타부:상간녀,평점 항목 없음
4469,트리플 스렛,평점 항목 없음
4471,파이브 갤럭시스,평점 및 리뷰 없음
4475,페이섹스,평점 항목 없음
4476,포르노 여작가의 체험취재,평점 항목 없음
4478,하마사키 마오의 색다른 서비스,평점 항목 없음
4479,하마사키 마오의 은밀한 투잡,평점 항목 없음
4480,하마사키마오의 은밀한 수영강습,평점 항목 없음
4481,하마사키마오의 은밀한 수영강습 무삭제판,평점 항목 없음
4482,하바나 다크니스,평점 항목 없음
4483,한번 맛보면 참을 수 없는 육덕 유부녀,평점 항목 없음
4484,한번 맛보면 참을 수 없는 육덕 유부녀 무삭제판,평점 항목 없음
4485,핫 바디 리얼돌:황홀한 정사,평점 항목 없음
4486,핫바디 여의사:야한진료,평점 항목 없음
4487,핫바디-무삭제판,평점 항목 없음
4488,핫섹스:위기의 유부녀들,평점 항목 없음
4490,헤픈 새엄마-위험한 손장난,평점 항목 없음
4491,형수:속궁합이 궁금해,평점 항목 없음
4492,형수님 내가 더 잘해요,평점 항목 없음
4493,형수의 유혹 무삭제,평점 항목 없음
4494,호빠오빠,평점 항목 없음
4495,혼전순결:아래보단 입으로,평점 항목 없음
4496,홈헬퍼 두 얼굴: 저항 못하고 빨린 양기,평점 항목 없음
4497,화끈한 룸메이트 무삭제판,평점 항목 없음
4498,화끈한 새엄마,평점 항목 없음
4499,화끈한 처제의 맛,평점 항목 없음
4500,환상의 스킬로 만져주는 마사지녀,평점 항목 없음
4501,환상의 스킬로 만져주는 마사지녀 2,평점 항목 없음
4502,회사직원과 남편 몰래 흥분하는 청순녀,평점 항목 없음
4503,회사직원과 남편 몰래 흥분하는 청순녀 무삭제판,평점 항목 없음
4504,후배아내:남편보다 우람해 무삭제판,평점 항목 없음
4505,휴게소,평점 항목 없음
4506,흐느끼는 숙모,평점 항목 없음
4507,흐느끼는숙모-무삭제,평점 항목 없음
4508,흥건한 유부녀 삼류극장에서의 은밀한 취미,평점 항목 없음
4530,레드마리아,평점 항목 없음
4531,명왕성,평점 항목 없음
4539,산책하는 침략자,평점 항목 없음
4548,자유만세,평점 항목 없음
4563,범죄도시,평점 항목 없음
4577,마녀,평점 항목 없음
4596,범블비,평점 항목 없음
4599,어스,평점 항목 없음
4643,글래스,평점 항목 없음
4661,번 더 스테이지: 더 무비,평점 항목 없음
4663,커뮤터,평점 항목 없음
4664,후드,평점 항목 없음
4684,언니,평점 항목 없음
4688,채비,평점 항목 없음
4708,할로윈,평점 항목 없음
4730,더 서클,평점 항목 없음
4783,"다시, 봄",평점 항목 없음
4794,구스범스: 몬스터의 역습,평점 항목 없음
4822,픽시,평점 항목 없음
4824,아이스,평점 항목 없음
4841,트와일라잇,평점 항목 없음
4863,갈매기,평점 항목 없음
4869,키즈모노가타리 III : 냉혈편,평점 항목 없음
4871,더 미드와이프,평점 항목 없음
4872,내가 죽기 전에,평점 및 리뷰 없음
4881,나비잠,평점 항목 없음
4892,리지,평점 항목 없음
4907,마라,평점 항목 없음
4921,"메리, 퀸 오브 스코틀랜드",평점 및 리뷰 없음
4932,좋아하게 되는 그 순간을 ~고백실행위원회~,평점 항목 없음
4997,"무현, 두 도시 이야기 : 파이널 컷",평점 항목 없음
5001,6 웨이 투 다이,평점 및 리뷰 없음
5007,심판자들,평점 및 리뷰 없음
5010,아름다운 별,평점 항목 없음
5024,살인자의 기억법 : 새로운 기억,평점 항목 없음
5034,익스트림 파이트 클럽,평점 및 리뷰 없음
5039,일주일간 친구,평점 항목 없음
5049,초이스,평점 항목 없음
5057,메이트,평점 항목 없음
5092,하이 스트렁,평점 항목 없음
5103,나부코,평점 항목 없음
5113,게이트-완결판,평점 항목 없음
5118,극장판 프리! – 타임리스 메들리 - 약속,평점 항목 없음
5122,극장판 프리! – 타임리스 메들리 - 인연,평점 항목 없음
5142,스페이드의 여왕,평점 항목 없음
5144,겨울여자,평점 항목 없음
5145,사쿠라다 리셋 –후편-,평점 항목 없음
5146,스텝 바이 스텝,평점 항목 없음
5147,아빠는 딸,평점 항목 없음
5148,미션 이스탄불,평점 및 리뷰 없음
5152,늦여름,평점 항목 없음
5155,알제리의 이탈리아 여인,평점 항목 없음
5156,행복의 나라,평점 항목 없음
5185,파크,평점 항목 없음
5186,인투 더 나잇,평점 항목 없음
5191,킬 존,평점 항목 없음
5196,그대품에 다시한번,평점 및 리뷰 없음
5204,나의 살던 고향은,평점 항목 없음
5210,루나,평점 항목 없음
5233,동창회의 목적 2,평점 항목 없음
5238,친구엄마 2018,평점 항목 없음
5239,동창회의 목적 3,평점 항목 없음
5246,위대한 레보스키,평점 항목 없음
5250,내가 버린 남자,평점 항목 없음
5254,프레스,평점 항목 없음
5259,배틀크릭,평점 및 리뷰 없음
5266,착한 친구엄마,평점 항목 없음
5273,시니어 재즈 밴드,평점 및 리뷰 없음
5281,빅뱅 메이드,평점 항목 없음
5286,욜로 유 온리 리브 원스,평점 항목 없음
5289,여기자 20년,평점 및 리뷰 없음
5314,착한 형수 2,평점 항목 없음
5317,너에게만 들려주고 싶어,평점 항목 없음
5320,교주전: 천공의 눈,평점 및 리뷰 없음
5321,스와핑 민박집,평점 항목 없음
5322,완전한 사육: 감금의 미학,평점 항목 없음
5325,내 엄마의 친구,평점 항목 없음
5329,산딸기 6,평점 항목 없음
5331,들꽃,평점 항목 없음
5339,사우스사이드 위드 유,평점 및 리뷰 없음
5340,사돈처녀,평점 항목 없음
5347,초대남,평점 항목 없음
5353,동화,평점 항목 없음
5357,젊은엄마네하숙집,평점 항목 없음
5360,잔느 딜망,평점 항목 없음
5364,예쁜누나,평점 항목 없음
5367,초대녀 2,평점 항목 없음
5377,여동생 커플 훔쳐보기,평점 항목 없음
5378,두근두근,평점 항목 없음
5379,옆집 아가씨,평점 항목 없음
5384,어린 누나,평점 항목 없음
5385,처녀 사냥,평점 항목 없음
5389,엄마 애인,평점 항목 없음
5390,가루지기: 변강쇠 더 비기닝 - 무삭제판,평점 항목 없음
5391,달콤한 채찍,평점 항목 없음
5393,사촌누나와 동거-무삭제,평점 항목 없음
5394,화끈한 홈서비스,평점 항목 없음
5395,과외의 추억,평점 항목 없음
5396,교회누나,평점 항목 없음
5398,아내의 101번째 결혼 무삭제판,평점 항목 없음
5399,어린 누나 2,평점 항목 없음
5400,어린 엄마,평점 항목 없음
5401,어린 형수 3,평점 항목 없음
5402,첫경험,평점 항목 없음
5403,더티웨딩,평점 항목 없음
5404,어린 처제 2,평점 항목 없음
5405,어린 처형,평점 항목 없음
5406,조건아빠: 슈가대디,평점 항목 없음
5407,레드 소냐,평점 항목 없음
5408,맛있는 아내,평점 항목 없음
5410,원정여행,평점 항목 없음
5411,육체인터뷰,평점 항목 없음
5415,광야의 40일,평점 항목 없음
5417,옆집여자,평점 항목 없음
5420,여배우: 섹스수업,평점 항목 없음
5421,조건엄마:슈가맘,평점 항목 없음
5423,여선생2,평점 항목 없음
5424,남편친구들,평점 항목 없음
5425,남의 아내,평점 항목 없음
5426,너 말고 니 언니,평점 항목 없음
5429,형수의 직업,평점 항목 없음
5430,내방에 일본여자가 있다,평점 항목 없음
5431,스튜디오,평점 항목 없음
5432,은밀한 여작가의 사생활,평점 항목 없음
5434,화끈한 룸메이트,평점 항목 없음
5436,사촌여동생,평점 항목 없음
5438,내 아내의 초대남들:네토라레,평점 항목 없음
5444,알래스카 북극곰,평점 항목 없음
5446,성인용품 사용설명서,평점 항목 없음
5447,착한 이모의 은밀한 아르바이트,평점 항목 없음
5452,멀고 먼 다리,평점 항목 없음
5454,정사2: 친구 새엄마-감독판,평점 항목 없음
5455,게임의 규칙,평점 항목 없음
5464,타인의 취향,평점 항목 없음
5469,정사: 친구 엄마,평점 항목 없음
5470,페노미나,평점 항목 없음
5471,마카담 스토리,평점 항목 없음
5476,친구엄마들,평점 항목 없음
5478,작은 엄마,평점 항목 없음
5482,피스메이커,평점 항목 없음
5484,공즉시색 2,평점 항목 없음
5487,바르데즈,평점 항목 없음
5491,어댑테이션,평점 항목 없음
5492,여자들 : 섹스의 만족도,평점 항목 없음
5496,불륜 동창회,평점 항목 없음
5497,외출 2,평점 항목 없음
5498,친구누나2,평점 항목 없음
5499,3분 파트너,평점 항목 없음
5500,밀애 : 친구엄마,평점 항목 없음
5501,바람난 여자들2,평점 항목 없음
5502,비뇨기과 여의사들,평점 항목 없음
5503,새엄마 2,평점 항목 없음
5504,새오빠2,평점 항목 없음
5505,애인 : 아내의 남자,평점 항목 없음
5506,엄마의 연애,평점 항목 없음
5507,여자 하숙집2,평점 항목 없음
5508,정사 : 캠퍼스 커플,평점 항목 없음
5510,밀애 : 부부카풀,평점 항목 없음
5511,스타 메이커,평점 항목 없음
5512,아내의 애인 2,평점 항목 없음
5513,정사 : 아내의 친구,평점 항목 없음
5514,정사 : 어린 새엄마,평점 항목 없음
5517,하숙집 여자들,평점 항목 없음
5519,색에 놀다,평점 항목 없음
5521,자매의 S스캔들,평점 항목 없음
5522,착한 엄마 친구,평점 항목 없음
5524,내 아내의 새엄마,평점 항목 없음
5531,여자친구,평점 항목 없음
5533,정사-두자매,평점 항목 없음
5534,자매의교환섹스,평점 항목 없음
5535,처제의 유혹,평점 항목 없음
5536,타임 투 리브,평점 항목 없음
5540,매니저,평점 항목 없음
5541,미투 숨겨진 진실,평점 항목 없음
5542,수상한 종업원,평점 항목 없음
5543,신입사원,평점 항목 없음
5545,옆집소녀2,평점 항목 없음
5551,동갑내기 엄마,평점 항목 없음
5563,맛있는 누나들,평점 항목 없음
5570,그날의 기억,평점 항목 없음
5572,퍼스트 스텝,평점 항목 없음
5587,숀 코네리의 함정,평점 항목 없음
5591,추방객,평점 항목 없음
5599,알프스 대탈출,평점 항목 없음
5604,디렉터스 컷,평점 항목 없음
5607,귀향,평점 항목 없음
5608,룸싸롱 맛있는 서비스,평점 항목 없음
5613,아팟치,평점 항목 없음
5623,아디오스 사바타,평점 항목 없음
5624,러브앤워,평점 항목 없음
5631,산딸기 4,평점 항목 없음
5632,여친 언니,평점 항목 없음
5634,톰보이 리벤저,평점 항목 없음
5635,노래방 : 화끈한 여자들,평점 항목 없음
5637,에스케이프 아테네,평점 및 리뷰 없음
5639,17인의사자들,평점 항목 없음
5640,개인교수 : 성적 올리기,평점 항목 없음
5643,귀신과 함께 춤을,평점 및 리뷰 없음
5651,더티해리 4-써든 임팩트/서든 임팩트,평점 항목 없음
5653,몬스터 헌트2: 요괴사냥단,평점 및 리뷰 없음
5655,엄마친구 5,평점 항목 없음
5656,제로니모,평점 항목 없음
5657,총알을 물어라,평점 및 리뷰 없음
5659,대해적,평점 항목 없음
5679,룩 앳 미,평점 항목 없음
5681,불같은 약속,평점 항목 없음
5682,여교사 : 제자와의 사랑,평점 항목 없음
5684,내 여자친구의 엄마,평점 항목 없음
5688,내 학생의 엄마 3,평점 항목 없음
5696,스와핑 : 친구의 아내 2,평점 항목 없음
5697,엄마의 유혹,평점 항목 없음
5698,여친엄마 2,평점 항목 없음
5699,연애 : 엄마친구,평점 항목 없음
5700,이노센스,평점 항목 없음
5701,젊은 엄마 친구,평점 항목 없음
5702,정사 : 처제의 사랑,평점 항목 없음
5709,잇 로컬,평점 및 리뷰 없음
5714,파리는 안개에 젖어,평점 항목 없음
5724,비엔나 호텔의 야간배달부,평점 및 리뷰 없음
5729,고공침투,평점 항목 없음
5739,리얼라이저,평점 항목 없음
5740,배틀 드론,평점 및 리뷰 없음
5744,스윙어: 금지된사랑,평점 및 리뷰 없음
5745,스크림: 킬링파티,평점 및 리뷰 없음
5746,아포칼립스 로드,평점 및 리뷰 없음
5748,앨티튜드,평점 및 리뷰 없음
5749,인스턴트 데스,평점 및 리뷰 없음
5752,킹 아서: 엑스칼리버의 부활,평점 및 리뷰 없음
5753,팜스윙스 스와핑클럽,평점 항목 없음
5759,드레스드 킬,평점 항목 없음
5761,섹스하기 좋은 날 무삭제,평점 항목 없음
5767,백장미,평점 항목 없음
5775,세이비어,평점 항목 없음
5778,네베스타: 유령신부,평점 및 리뷰 없음
5779,더 딥 스카이,평점 및 리뷰 없음
5781,블루라인,평점 항목 없음
5782,여동생,평점 항목 없음
5784,컨트롤 알트 딜리트,평점 항목 없음
5787,플랜 Z,평점 및 리뷰 없음
5794,무협,평점 항목 없음
5803,3류들의 사랑,평점 및 리뷰 없음
5805,넬,평점 항목 없음
5810,시간을 달려서,평점 항목 없음
5813,오스트레일리아,평점 항목 없음
5814,원 나이트 스탠드 - 찢어진 웨딩드레스,평점 항목 없음
5822,세 얼간이 감독판,평점 항목 없음
5823,이레이저,평점 항목 없음
5824,튜니티라 불러다오,평점 항목 없음
5826,"인디아나 존스 - 마궁의 사원, 저주받은 사원",평점 항목 없음
5829,몬스터 헌트,평점 및 리뷰 없음
5833,폭풍속으로,평점 항목 없음
5834,2023-09-11 00:00:00,평점 항목 없음
5836,라파누이,평점 항목 없음
5837,빅건,평점 항목 없음
5839,캣 피플,평점 항목 없음
5840,내 책상 위의 천사,평점 항목 없음
5859,당신에게 오늘 밤을,평점 항목 없음
5867,위대한 켓스비,평점 항목 없음
5868,카지노,평점 항목 없음
5871,뱀파이어 그녀들,평점 및 리뷰 없음
5885,완전범죄: 키드냅,평점 및 리뷰 없음
5898,벤허: 레저렉션,평점 및 리뷰 없음
5906,사일런트 워,평점 및 리뷰 없음
5923,애니,평점 항목 없음
5927,나도 때론 포르노그라피의 주인공이고 싶다 : 감독판,평점 항목 없음
5933,고양이 닌자,평점 및 리뷰 없음
5936,싼타 빅토리아의 비밀,평점 항목 없음
5944,강간 몰카 유출 사건,평점 항목 없음
5946,노래방 : 화끈한 여자들 무삭제,평점 항목 없음
5949,도그 파운드,평점 및 리뷰 없음
5957,8월의 크리스마스(일본판),평점 항목 없음
5960,신데렐라,평점 항목 없음
5961,어쌔신네이션,평점 및 리뷰 없음
5968,슈퍼히어로 스팍스,평점 항목 없음
5970,은밀한 유혹: 내가 잠든 동안에,평점 항목 없음
5988,아프칸 솔져스,평점 및 리뷰 없음
5990,익스트랙션,평점 항목 없음
5995,산불,평점 항목 없음
5997,용의자: 폭탄 테러를 막아라,평점 및 리뷰 없음
5999,하노버스트리트,평점 항목 없음
6014,정사 2018 무삭제,평점 항목 없음
6018,불안,평점 항목 없음
6020,크레이머 크레이머,평점 항목 없음
6022,희생,평점 항목 없음
6023,내 처제가 된 첫사랑 무삭제,평점 항목 없음
6024,내 친구의 숙모,평점 항목 없음
6025,누나 친구 3,평점 항목 없음
6026,동호회의 목적 2,평점 항목 없음
6027,리얼다큐 섹스실전강좌,평점 항목 없음
6029,맛있는 동거 무삭제,평점 항목 없음
6031,밀애 : 착한 형수,평점 항목 없음
6032,불륜 동창회 2,평점 항목 없음
6033,블러드 문 : 나바호의 전설,평점 및 리뷰 없음
6035,아내의 엄마 2 무삭제,평점 항목 없음
6036,연애 : 엄마친구 2,평점 항목 없음
6038,오르가즘 레슨 페티쉬편,평점 항목 없음
6039,오르가즘 레슨 하드코어편,평점 항목 없음
6040,친구 아내 무삭제,평점 항목 없음
6041,캡처 킬 릴리즈,평점 및 리뷰 없음
6042,타잔-크리스포터 램버트/그레이스 토크,평점 항목 없음
6046,하나님 나라에는 악마가 살고 있다,평점 및 리뷰 없음
6049,네고시에이터,평점 항목 없음
6051,로봇전쟁,평점 및 리뷰 없음
6054,블러드 골드: 트레저 헌터,평점 항목 없음
6057,셔틀콕,평점 항목 없음
6065,무림축구,평점 및 리뷰 없음
6066,벨과 세바스찬,평점 항목 없음
6074,쉿! 오늘부터 거기만 남자!,평점 및 리뷰 없음
6075,시베리아,평점 항목 없음
6076,애국청년 변희재,평점 항목 없음
6080,인휴먼즈,평점 항목 없음
6081,특전대네이비 씰,평점 항목 없음
6082,파비안느,평점 항목 없음
6091,향수 : 어느 살인자의 이야기,평점 항목 없음
6093,뉴욕 갱스터,평점 항목 없음
6094,비트레이얼,평점 항목 없음
6100,야쿠자의 섹스 상,평점 항목 없음
6107,타임트랩 워,평점 항목 없음
6118,데드랜드,평점 및 리뷰 없음
6121,반숙소녀,평점 및 리뷰 없음
6128,천재도둑미스터A,평점 및 리뷰 없음
6153,어우동: 주인 없는 꽃 무삭제판,평점 항목 없음
6157,나이트 워치맨,평점 및 리뷰 없음
6162,색시공...주홍글씨의 비밀,평점 항목 없음
6165,애로우헤드,평점 및 리뷰 없음
6167,초능력자 제레미,평점 및 리뷰 없음
6171,깨끗한 유부녀,평점 항목 없음
6172,더 리프트,평점 항목 없음
6173,덫 무삭제판,평점 항목 없음
6177,야쿠자의 섹스 하,평점 항목 없음
6178,엄마에게,평점 항목 없음
6184,눈부신 하루,평점 항목 없음
6186,맛있는 동거,평점 항목 없음
6190,엄마의 유혹 무삭제,평점 항목 없음
6191,요리학원에서 스와핑,평점 항목 없음
6193,이채담의 지스팟-무삭제,평점 항목 없음
6194,인류멸망 주식회사,평점 및 리뷰 없음
6196,헤드샷,평점 항목 없음
6197,가루지기: 변강쇠 더 비기닝,평점 항목 없음
6201,리:본,평점 항목 없음
6203,메가 샤크 어택,평점 및 리뷰 없음
6207,보헤미안 걸,평점 및 리뷰 없음
6211,썸 - 은밀한 이야기,평점 항목 없음
6214,옆집 여자,평점 항목 없음
6225,1944 워 히어로,평점 및 리뷰 없음
6227,24시간 달리는 쾌락 버스,평점 항목 없음
6229,AV 아이돌 일본제일전 도전기,평점 항목 없음
6230,D컵 여형사-가슴으로 느껴져요,평점 항목 없음
6231,가정부의 맛,평점 항목 없음
6232,감금당한 청순미인의 절정,평점 항목 없음
6233,감금당해 범해지는 청순미인,평점 항목 없음
6234,개인교수 : 여친 만족 시키기,평점 항목 없음
6235,개인지도:붓으로 그리는 황홀경,평점 항목 없음
6236,거유 여사장의 약점,평점 항목 없음
6237,거유 유부녀의 오일 마사지,평점 항목 없음
6238,거유 장모와 실제로 느끼는 사위,평점 항목 없음
6239,건 샤이,평점 및 리뷰 없음
6240,걸 인 더 포토그래프,평점 및 리뷰 없음
6243,관음:아내의 꽃잎,평점 항목 없음
6244,광대 케인,평점 및 리뷰 없음
6245,교회누나 무삭제판,평점 항목 없음
6246,굶주린 여자들,평점 항목 없음
6247,굿 파이터,평점 항목 없음
6248,그녀의 손기술:발기부전 치료 해드려요,평점 항목 없음
6249,그들만의 섹스매치,평점 및 리뷰 없음
6250,그레이브 하우스,평점 및 리뷰 없음
6254,기상 캐스터의 신체 정보,평점 항목 없음
6256,길들어져버린 유부녀,평점 항목 없음
6257,꽃꽂이 수업,평점 항목 없음
6258,나쁜 섹스:하고 싶어요,평점 항목 없음
6259,나쁜남자-사모님의 엉덩이,평점 항목 없음
6260,나의 새엄마,평점 항목 없음
6261,남편 말고 다른 남자-하고 또 하고,평점 항목 없음
6262,남편 몰래 떠난 불륜 여행,평점 항목 없음
6263,남편 몰래 직장 상사와,평점 항목 없음
6264,남편 몰래:마사지에 탐닉하는 아내,평점 항목 없음
6265,"남편 승진을 위해, 아내와 직장상사",평점 항목 없음
6266,남편 후배에게 당하는 가슴 큰 아내,평점 항목 없음
6267,남편이 보는 앞에서 남편 부하와 24시간,평점 항목 없음
6268,남편회사 사장에게 강제로 당하는 아내,평점 항목 없음
6269,내 동생의 아내,평점 항목 없음
6270,내 동생의 여자친구 무삭제판,평점 항목 없음
6271,내 아내의 언니 무삭제,평점 항목 없음
6272,내 아내의 여자,평점 및 리뷰 없음
6273,내 아내의 친구,평점 항목 없음
6274,내 아들의 여자,평점 항목 없음
6275,내 아들의 여자 무삭제판,평점 항목 없음
6276,내 여자친구의 엄마 무삭제,평점 항목 없음
6277,내 처제가 된 첫사랑,평점 항목 없음
6278,"내 친구, 그의 아내 무삭제",평점 항목 없음
6279,내 친구의 애인 무삭제판,평점 항목 없음
6280,내 학생의 엄마 3 무삭제,평점 항목 없음
6281,내 형의 아내 무삭제판,평점 항목 없음
6283,노리개 아줌마,평점 항목 없음
6284,누나 친구 2 무삭제,평점 항목 없음
6285,누나친구 : 이혼하고 온 날,평점 항목 없음
6286,누나친구 : 이혼하고 온 날 무삭제,평점 항목 없음
6287,누드모델과의 섹스,평점 항목 없음
6288,늑대소녀,평점 항목 없음
6289,능수능란한 손길:푹빠진 며느리,평점 항목 없음
6290,다크 하트,평점 및 리뷰 없음
6292,달콤한 여선배,평점 항목 없음
6294,더 러버스,평점 항목 없음
6295,더 로저스,평점 및 리뷰 없음
6300,도쿄에 사는 맑은 슬림녀,평점 항목 없음
6302,동생 아내,평점 항목 없음
6303,동생의 여자,평점 항목 없음
6304,동창회:그녀와 하던 날,평점 항목 없음
6305,두 부부의 정사,평점 항목 없음
6309,디치,평점 항목 없음
6310,딥워터 엘리게이터,평점 및 리뷰 없음
6312,라인오버,평점 및 리뷰 없음
6313,러빙 빈센트: 임파서블 드림,평점 및 리뷰 없음
6314,럭키 스티프,평점 및 리뷰 없음
6315,럼블,평점 항목 없음
6317,레드 후드,평점 항목 없음
6321,레전더리: 툼 오브 더 드래곤,평점 및 리뷰 없음
6323,레지던트 이블 좀비,평점 및 리뷰 없음
6324,로보캅: 최후의 전쟁,평점 및 리뷰 없음
6327,로스트 애프터 다크,평점 및 리뷰 없음
6328,로스트 인 더 퍼시픽,평점 및 리뷰 없음
6329,료칸 여인들의 터지는 신음소리,평점 항목 없음
6330,리벤지: 피의 보복,평점 및 리뷰 없음
6331,리벤지포르노 여배우지망생,평점 항목 없음
6332,마녀의 덫 : 마법의 슬리핑 뷰티,평점 및 리뷰 없음
6333,마사지 받으러 간 와이프,평점 항목 없음
6334,마음 착한 며느리,평점 항목 없음
6335,마이 섹시 펫: 밤이면 밤마다,평점 항목 없음
6336,마지막 8월 : 어느 기념비의 이야기,평점 항목 없음
6338,만남사이트에서 깊게 채우는 젊은아내,평점 항목 없음
6339,만취주부: 부정한 섹스,평점 항목 없음
6340,맛이 다른 부장님의 아내,평점 항목 없음
6341,맛있는 아내(무삭제판),평점 항목 없음
6342,맛있는 유부녀,평점 항목 없음
6343,맛있는누나들-무삭제,평점 항목 없음
6344,망자의 지정석,평점 항목 없음
6346,매맞는 새엄마,평점 항목 없음
6347,매춘 2016 무삭제,평점 항목 없음
6348,맨 오브 저스티스,평점 및 리뷰 없음
6349,맹인 안마사의 기술,평점 항목 없음
6351,메이데이,평점 항목 없음
6355,몰카:내 아내를 가져봐,평점 항목 없음
6356,무개념 엄마 : 네가 자꾸 남자로 보여,평점 항목 없음
6357,무림의 거유 여닌자 하즈키,평점 항목 없음
6358,문트랩: 타겟 어스,평점 및 리뷰 없음
6359,미망인들: 거칠게 해줘요,평점 항목 없음
6361,미션 이스탄불4: 익스트림 데이,평점 및 리뷰 없음
6362,미션 이스탄불5: 더 파이널,평점 및 리뷰 없음
6364,미스파이어,평점 항목 없음
6365,밀애 : 착한 형수 무삭제,평점 항목 없음
6366,바디 컬렉션,평점 항목 없음
6367,바람난 가족:남편은 출장중,평점 항목 없음
6368,바람난 가족:엄마의 남자,평점 항목 없음
6369,바람난 아내들,평점 항목 없음
6370,바람난 아내들2,평점 항목 없음
6371,발정난 여자:버섯 수집,평점 항목 없음
6372,발정난 온천탕 여주인,평점 항목 없음
6373,발칙한 여자들:달아오른 옆집 여자와 친구 엄마,평점 항목 없음
6374,밝히는 노인들:나이는 관계 없어!,평점 항목 없음
6375,밝히는 여주인,평점 항목 없음
6376,버스 드라이버,평점 항목 없음
6377,변강쇠 VS 어우동,평점 항목 없음
6378,변태 남녀,평점 항목 없음
6379,변태 섹스:내 아내를 빌려드립니다,평점 항목 없음
6380,변태가 된 내 아내,평점 항목 없음
6381,보복의 길,평점 및 리뷰 없음
6382,보험 레이디:실적을 위해서라면,평점 항목 없음
6383,볼케이노 2017,평점 항목 없음
6384,봉긋선 새엄마,평점 항목 없음
6385,불륜고객상담원,평점 항목 없음
6386,브라더 콤플렉스,평점 항목 없음
6389,블러드 서커스,평점 항목 없음
6390,블러드 오렌지,평점 항목 없음
6392,비구니자매의비밀애,평점 항목 없음
6395,비밀섹스:굶주린 아내의 일탈,평점 항목 없음
6396,비스티걸스 감독판,평점 항목 없음
6397,빼앗긴 아내의 순결,평점 항목 없음
6398,사장님께 소장당한 청순여직원,평점 항목 없음
6399,사장을 기다리는 아내,평점 항목 없음
6400,사촌누나들,평점 항목 없음
6401,사촌누나와 동거,평점 항목 없음
6402,사춘기 여동생,평점 항목 없음
6403,사춘기 여동생 무삭제판,평점 항목 없음
6404,상냥한 여주인들,평점 항목 없음
6405,상류시대 무삭제판,평점 항목 없음
6406,새엄마 무삭제,평점 항목 없음
6407,새엄마:강제섹스를 하다,평점 항목 없음
6408,새엄마와 그녀의 여동생 무삭제판,평점 항목 없음
6409,색골 옆집 유부녀,평점 항목 없음
6412,세리나의 음란한 요가 수업,평점 항목 없음
6413,섹션제로3-블록13,평점 및 리뷰 없음
6414,섹션제로4: 진혼곡,평점 및 리뷰 없음
6415,섹스 앤 파티,평점 항목 없음
6416,섹스하기 좋은 날,평점 항목 없음
6417,섹시 헬스장,평점 항목 없음
6418,속옷회사 여직원,평점 항목 없음
6419,숙모의 방,평점 항목 없음
6420,순결선언 : 죄책감에 젖은 육체,평점 항목 없음
6421,순진한 며느리,평점 항목 없음
6423,스와핑 : 친구의 아내 2 무삭제,평점 항목 없음
6424,스와핑 : 형의 여자,평점 항목 없음
6425,스와핑 하던 날 무삭제,평점 항목 없음
6426,스페이스 인커밍,평점 및 리뷰 없음
6427,시수옥:감금된 소녀들 파트1,평점 및 리뷰 없음
6428,시아버지는 음란 마초,평점 항목 없음
6429,시아버지의 욕정,평점 항목 없음
6430,시크릿 파트너스,평점 및 리뷰 없음
6431,신어우동,평점 항목 없음
6432,신임여교사 미숙한진로지도,평점 항목 없음
6433,신혼부부,평점 항목 없음
6434,실제로 소장당한 청순녀,평점 항목 없음
6436,실화 불륜의 이유,평점 항목 없음
6437,쓰레기 버리는 노브라 아줌마,평점 항목 없음
6438,아내 거유친구의 느끼는 표정,평점 항목 없음
6439,아내를 바꾸다 무삭제,평점 항목 없음
6440,아내의 101번째 결혼,평점 항목 없음
6441,아내의 몸캠,평점 항목 없음
6442,아내의 불륜 섹스,평점 항목 없음
6443,아내의 비밀스러운 아르바이트,평점 항목 없음
6444,아내의 섹스 프랜드,평점 항목 없음
6445,아내의 속사정,평점 항목 없음
6446,아내의 엄마 2,평점 항목 없음
6447,아버지를 보살피는 이쁜 며느리,평점 항목 없음
6448,아버지의 애인,평점 항목 없음
6451,아포칼립스 언데드,평점 항목 없음
6453,악몽의 미드나잇,평점 및 리뷰 없음
6454,안나카레니나: 브론스키 백작의 사랑,평점 및 리뷰 없음
6455,안마받다 흥분한 육덕녀,평점 항목 없음
6456,알.이.씨 : 라스트 프리즌,평점 및 리뷰 없음
6457,알.이.씨 오큐판트,평점 항목 없음
6458,알래스카 북극곰(무삭제판),평점 항목 없음
6459,야한 유부녀,평점 항목 없음
6460,약점 잡혀 협박당하는 알바녀,평점 항목 없음
6461,어린 형수:강제로 섹스한 날,평점 항목 없음
6464,어쩌다 옥탑방,평점 및 리뷰 없음
6465,언노운 게스트,평점 및 리뷰 없음
6466,엄마의 직업 [무삭제판],평점 항목 없음
6467,엄마친구 딸 무삭제판,평점 항목 없음
6471,엘리베이터에서 색다른 경험,평점 항목 없음
6472,여기어때 빈방있나요,평점 항목 없음
6473,여대생의 고백:제가 치한범입니다,평점 항목 없음
6474,여자 보험왕 : 그녀의 영업비밀 무삭제,평점 항목 없음
6475,여자 하숙집 무삭제,평점 항목 없음
6476,여자 하숙집2 무삭제,평점 항목 없음
6477,여주인의 비밀 마사지,평점 항목 없음
6478,여직원들 : 2대2 섹스,평점 항목 없음
6479,여직원의 맛,평점 항목 없음
6480,여친 엄마 3,평점 항목 없음
6481,여친 엄마 무삭제,평점 항목 없음
6482,여친엄마 2 무삭제,평점 항목 없음
6483,여형사의 수사방법,평점 항목 없음
6484,연애 : 엄마친구 무삭제,평점 항목 없음
6485,옆집 유부녀와 불륜정사,평점 항목 없음
6486,옆집새댁 다른남자와 2,평점 항목 없음
6487,예쁜누나(감독판),평점 항목 없음
6488,오피스 와이프,평점 항목 없음
6489,오후 2시 : 아내가 사라진다,평점 항목 없음
6490,온천장 여주인의 화끈한 서비스,평점 항목 없음
6492,완판녀 홈쇼핑 쇼호스트,평점 항목 없음
6493,왕을 참하라 무삭제판,평점 항목 없음
6494,왜곡:저주받은 공간,평점 항목 없음
6495,외로운 온천 여주인:옛 연인과의 조우,평점 항목 없음
6496,외로운 커리어우먼,평점 항목 없음
6497,외숙모: 내 여자가 되는 날,평점 항목 없음
6498,위 스틸 스틸 더 올드 웨이,평점 및 리뷰 없음
6499,위기의 여자들,평점 항목 없음
6500,위자: 마지막 게임,평점 및 리뷰 없음
6502,유부녀 가정부와 호기심 많은 아들래미,평점 항목 없음
6503,유부녀의 누드 알바,평점 항목 없음
6504,유부녀의 참을 수 없는 욕정,평점 항목 없음
6505,유어 무브,평점 항목 없음
6507,"은밀한 여관:먹고,자고,하고",평점 항목 없음
6508,음란 기생,평점 항목 없음
6509,음란 병동:젖어버린 침대,평점 항목 없음
6510,음란한 시아버지의 손맛,평점 항목 없음
6511,음란한 형제 : 형수와 처제,평점 항목 없음
6512,음란한 형제 : 형수와 처제 무삭제판,평점 항목 없음
6513,의사 몰래 환자들과의 절정,평점 항목 없음
6514,이 사랑도 전해질까요,평점 및 리뷰 없음
6518,이쁜 여관 주인 아줌마,평점 항목 없음
6520,이채담의 지스팟,평점 항목 없음
6522,인간 사냥 게임,평점 및 리뷰 없음
6524,일 잘하는 여직원,평점 항목 없음
6526,일본여자:화끈한 성생활,평점 항목 없음
6528,자매의 속사정,평점 항목 없음
6529,작은엄마 : 시조카 역습,평점 항목 없음
6531,작전명 비스트,평점 항목 없음
6532,잠입 당하는 여형사의 순결,평점 항목 없음
6536,전망 좋은 부동산,평점 항목 없음
6537,전설의 검,평점 항목 없음
6538,젊은 새엄마 무삭제,평점 항목 없음
6539,젊은새댁 다른남자와 2,평점 항목 없음
6540,정사 2018,평점 항목 없음
6541,정사 : 처제의 사랑 무삭제편,평점 항목 없음
6542,정사-두자매-무삭제,평점 항목 없음
6543,정사:남편 대신 옆집 남자,평점 항목 없음
6544,정사:이모와 조카들,평점 항목 없음
6545,좀비 vs 헌터,평점 및 리뷰 없음
6548,쥬라기 게임,평점 항목 없음
6549,직장 스와핑 : 예쁜 여직원들,평점 항목 없음
6550,직장 후배의 아내,평점 항목 없음
6551,진주의순결상실,평점 항목 없음
6552,짜릿한 맛: 불륜,평점 항목 없음
6554,착한 누나:다섯 남자와 섹스를,평점 항목 없음
6555,착한 며느리:음란한 몸,평점 항목 없음
6556,착한 아내:참을 수 없는 날,평점 항목 없음
6557,착한 엄마,평점 항목 없음
6558,착한 엄마 친구 무삭제,평점 항목 없음
6559,착한 엄마:사랑을 배우다,평점 항목 없음
6560,착한 여자: 애플 엉덩이,평점 항목 없음
6561,착한 형수 2 무삭제,평점 항목 없음
6562,착한 형수 무삭제,평점 항목 없음
6563,착한여자친구,평점 항목 없음
6564,처제,평점 항목 없음
6565,처제2,평점 항목 없음
6566,처제의 은밀한 유혹,평점 항목 없음
6567,처제의 은밀한 유혹 무삭제,평점 항목 없음
6568,첫 경험,평점 항목 없음
6569,초대남 무삭제판,평점 항목 없음
6570,초흥분 친구엄마,평점 항목 없음
6572,친구 아내,평점 항목 없음
6573,친구 애인과 몰래한 섹스,평점 항목 없음
6574,친구 엄마의 맛,평점 항목 없음
6575,친구엄마 : 섹스 하던 날,평점 항목 없음
6576,친구엄마 : 섹스 하던 날 무삭제,평점 항목 없음
6577,친구의 엄마 2018,평점 항목 없음
6578,친구의 여자,평점 항목 없음
6579,카메라맨과 모델,평점 항목 없음
6580,카운트다운: 쇼크웨이브,평점 및 리뷰 없음
6582,쿠티스,평점 항목 없음
6585,탱글탱글 여문 요가녀의 가슴,평점 항목 없음
6589,톡신,평점 항목 없음
6590,투 브라더스,평점 항목 없음
6593,파계승,평점 항목 없음
6595,파도 여인 그리고 탱고 무삭제판,평점 항목 없음
6597,페르시안 커넥션,평점 및 리뷰 없음
6598,편의점 섹스:세워드려요,평점 항목 없음
6603,플레어,평점 항목 없음
6604,핑크 여친의 애집,평점 항목 없음
6605,하고 싶은 유부녀,평점 항목 없음
6606,하숙집 여주인,평점 항목 없음
6607,하이 소사이어티,평점 항목 없음
6608,하이재킹: 비상착륙,평점 및 리뷰 없음
6610,할로우 차일드 : 숲 속의 문,평점 항목 없음
6612,헬버스,평점 및 리뷰 없음
6614,회사에 손해를 끼친 여직원,평점 항목 없음
6616,흠뻑 젖은 유부녀,평점 항목 없음
6617,히어로 오브 워,평점 및 리뷰 없음
6622,거미숲,평점 항목 없음
6638,미몽(죽음의 자장가),평점 항목 없음
6651,세컨 찬스,평점 항목 없음
6661,용서받지 못한 자,평점 항목 없음
6677,친구엄마,평점 항목 없음
6706,샌 안드레아스,평점 항목 없음
6711,벤허,평점 항목 없음
6722,맨 인 더 다크,평점 및 리뷰 없음
6799,더 큐어,평점 항목 없음
6821,루시드 드림,평점 항목 없음
6842,번개맨,평점 항목 없음
6843,이퀄스,평점 항목 없음
6852,파더 앤 도터,평점 항목 없음
6867,미스 사이공 : 25주년 특별 공연,평점 항목 없음
6888,나의 그리스식 웨딩 2,평점 항목 없음
6894,반지의 제왕 : 반지원정대 (확장판),평점 항목 없음
6900,반지의 제왕 : 왕의 귀환 (확장판),평점 항목 없음
6907,반지의 제왕 : 두개의 탑 (확장판),평점 항목 없음
6917,사이코패스,평점 항목 없음
6931,프란치스코,평점 항목 없음
6940,링스,평점 항목 없음
6941,예전부터 계속 좋아했어 ~고백실행위원회~,평점 항목 없음
6946,키즈모노가타리 II : 열혈편,평점 항목 없음
6950,어느 하녀의 일기,평점 항목 없음
6954,리틀 보이,평점 항목 없음
6960,베스트 오브 미,평점 항목 없음
6977,써드 퍼슨 - 감독판,평점 항목 없음
6991,위선자들,평점 항목 없음
6992,"제자도 - 제자,옥한흠2",평점 항목 없음
7004,에브리띵 윌 비 파인,평점 항목 없음
7040,서태지밴드 콘서트투어 '콰이어트나이트',평점 항목 없음
7063,마이크롭 앤 가솔린,평점 항목 없음
7076,레이스,평점 항목 없음
7081,포제션 : 중독된 사랑,평점 항목 없음
7158,모놀리스,평점 항목 없음
7165,라이엇,평점 항목 없음
7166,플라워 쇼,평점 항목 없음
7169,별아 내 가슴에,평점 항목 없음
7174,메밀꽃 필 무렵,평점 항목 없음
7177,방 안의 코끼리,평점 항목 없음
7184,"10,000km(만 킬로미터)",평점 항목 없음
7192,사랑의 조건,평점 항목 없음
7200,피케이: 별에서 온 얼간이 감독판,평점 항목 없음
7205,아더왕의 전설,평점 항목 없음
7212,빌리 엘리어트 뮤지컬 라이브,평점 항목 없음
7213,속 대부,평점 항목 없음
7214,JSA 남북공동초등학교,평점 및 리뷰 없음
7219,12인의 하숙생,평점 및 리뷰 없음
7241,젊은 엄마 3,평점 항목 없음
7242,대결투,평점 항목 없음
7244,테스,평점 항목 없음
7251,눈이라도 내렸으면,평점 및 리뷰 없음
7255,없던 일,평점 항목 없음
7261,러브앤서울 복숭아마을 도색소동기,평점 항목 없음
7266,무림신공 : 황금봉의 전사,평점 및 리뷰 없음
7267,"1789, 바스티유의 연인들",평점 항목 없음
7268,보고싶다,평점 항목 없음
7274,워킹 스트리트,평점 항목 없음
7275,가면무도회,평점 항목 없음
7276,낫 마이 데이,평점 및 리뷰 없음
7278,에투알 갈라쇼,평점 항목 없음
7279,엘사 앤 프레드,평점 항목 없음
7281,내 친구의 아내,평점 항목 없음
7286,전망 좋은 집 2,평점 항목 없음
7290,다이애나,평점 항목 없음
7292,맛2,평점 항목 없음
7293,세 번째 사랑,평점 항목 없음
7295,이바라키의 여름,평점 및 리뷰 없음
7300,용주골,평점 항목 없음
7303,젊은 엄마 4,평점 항목 없음
7304,청춘학당2 기생난입야사,평점 항목 없음
7305,감금의 시간,평점 항목 없음
7306,색끈한 퓨전사극 심청야사,평점 항목 없음
7307,욜란타 & 푸른 수염의 성,평점 항목 없음
7311,강아지 삼총사,평점 항목 없음
7312,고시원,평점 항목 없음
7313,포장마차,평점 항목 없음
7314,새폴더2,평점 항목 없음
7316,유부녀들,평점 항목 없음
7317,젊은엄마 : 디 오리지널,평점 항목 없음
7320,인공지능 남자친구,평점 항목 없음
7321,러시아 엄마,평점 항목 없음
7324,입영전야,평점 항목 없음
7325,마지막 위안부,평점 항목 없음
7329,수상한 미용실,평점 항목 없음
7334,알바생들,평점 항목 없음
7339,포스카리가의 두 사람,평점 항목 없음
7346,"금지된 섹스, 달콤한 복수",평점 항목 없음
7356,탐정사무소 - 사랑과 전쟁,평점 항목 없음
7359,핫섹토크,평점 항목 없음
7361,야한 누나들,평점 항목 없음
7362,한양 기방 춘향뎐,평점 항목 없음
7365,한양기방 명기전,평점 항목 없음
7366,맛있는 만남,평점 항목 없음
7367,조선안방 스캔들-칠거지악,평점 항목 없음
7370,야한밤 심야극장,평점 항목 없음
7371,뜨거운 이웃,평점 항목 없음
7377,당신만을 사랑해,평점 항목 없음
7378,맛있는 정사: 오피스 와이프,평점 항목 없음
7379,조선안방 스캔들-칠거지악2,평점 항목 없음
7380,자유연애시대,평점 항목 없음
7385,엄마친구,평점 항목 없음
7389,위선자들: 감독판,평점 항목 없음
7391,형의 여자,평점 항목 없음
7400,야한이야기,평점 항목 없음
7402,엔조이닷컴,평점 항목 없음
7403,여배우 섹스 스캔들,평점 항목 없음
7406,아이돌 섹스 스캔들,평점 항목 없음
7409,애마부인 2016,평점 항목 없음
7412,탐욕,평점 항목 없음
7413,형님 아내,평점 항목 없음
7415,소녀경,평점 항목 없음
7421,여자전쟁: 비열한 거래,평점 항목 없음
7422,탐정사무소-평강공주와 바보온달 무삭제판,평점 항목 없음
7423,여자전쟁: 봉천동 혈투,평점 항목 없음
7424,주말부부,평점 항목 없음
7425,증오,평점 항목 없음
7429,잠 못 이루는 섹스 2,평점 항목 없음
7431,그빨로,평점 및 리뷰 없음
7434,옆집 누나,평점 항목 없음
7436,잠 못 이루는 섹스,평점 항목 없음
7442,전원일기: 젖소농장새댁,평점 항목 없음
7443,누나 친구,평점 항목 없음
7451,정사 : 결혼 말고 연애,평점 항목 없음
7457,이웃동서,평점 항목 없음
7460,외도,평점 항목 없음
7461,감출 수 없는 본능-몰카,평점 항목 없음
7465,타부-새누나,평점 항목 없음
7466,엄마친구 2,평점 항목 없음
7467,유리코의 아로마,평점 및 리뷰 없음
7480,아메리칸 섹스 파이,평점 항목 없음
7482,어린여자 : 맛있는 관음,평점 항목 없음
7493,백 투 더 비기닝,평점 항목 없음
7498,맛있는 워킹걸,평점 항목 없음
7501,파우스트의 겁벌,평점 항목 없음
7502,내 친구의 엄마,평점 항목 없음
7503,파노스와 요르고스 그리고 당나귀,평점 및 리뷰 없음
7505,토토의 천국,평점 및 리뷰 없음
7519,아내의 동영상,평점 항목 없음
7524,불륜의 후예,평점 항목 없음
7525,이파니의 시크릿 관음클럽,평점 항목 없음
7526,형님아내2,평점 항목 없음
7530,웻랜드,평점 항목 없음
7531,일렉트릭 슬라이드,평점 및 리뷰 없음
7532,만물생장-끝없는 관계,평점 항목 없음
7540,야설 쓰는 여자,평점 항목 없음
7542,타는 여자,평점 항목 없음
7545,야한목소리-쏠리네 무삭제,평점 항목 없음
7546,맛 2016: 삼시색기- 무삭제판,평점 항목 없음
7548,안해,평점 항목 없음
7549,어린 형수 2 - 무삭제판,평점 항목 없음
7552,음란 과외 - 무삭제판,평점 항목 없음
7553,음란 선비 - 무삭제판,평점 항목 없음
7554,특이점이 온 영화,평점 항목 없음
7555,형님아내3(아랫집 부인),평점 항목 없음
7556,더 문,평점 항목 없음
7561,콰르텟,평점 항목 없음
7562,깊은 사정,평점 항목 없음
7565,헤픈젤: 비밀의 몸캠,평점 항목 없음
7570,금병매,평점 항목 없음
7574,후릭크,평점 항목 없음
7576,더 딥 블루 씨,평점 및 리뷰 없음
7581,잘있거라 황야,평점 항목 없음
7585,지킬 앤 하이드,평점 항목 없음
7589,착한아내,평점 항목 없음
7591,스캔들 II,평점 항목 없음
7593,꿈꾸는 나비,평점 항목 없음
7594,내 학생의 엄마,평점 항목 없음
7595,여자전쟁: 이사 온 남자,평점 항목 없음
7598,매춘 2016,평점 항목 없음
7600,스와핑 : 친구의 아내,평점 항목 없음
7602,착한 형수,평점 항목 없음
7603,젊은 형부,평점 항목 없음
7604,금병매 감독판,평점 항목 없음
7605,스캔들 III,평점 항목 없음
7611,라그나로크,평점 항목 없음
7629,아내의 사정,평점 항목 없음
7630,내 아내의 언니,평점 항목 없음
7633,챌린지 게임,평점 항목 없음
7635,스와핑 하던 날,평점 항목 없음
7636,아내를 바꾸다,평점 항목 없음
7638,엄마친구 3,평점 항목 없음
7639,여자 하숙집,평점 항목 없음
7641,친구부부 : 욕망의 스와핑,평점 항목 없음
7648,옆집소녀,평점 항목 없음
7649,내 남편의 가정교사,평점 항목 없음
7650,사슬 - 두 여자의 유혹,평점 항목 없음
7652,여배우와 동거,평점 항목 없음
7654,쌍둥이 에로 킬러 - 자매의 유혹,평점 항목 없음
7663,핑크 팬더,평점 항목 없음
7670,바람이 분다,평점 항목 없음
7671,신데렐라,평점 항목 없음
7675,이지머니,평점 항목 없음
7692,유신의 미학,평점 및 리뷰 없음
7693,케이-펙스,평점 항목 없음
7698,춘향뎐(春香傳),평점 항목 없음
7710,탐하다: 욕망의 섬,평점 항목 없음
7727,리클레임,평점 항목 없음
7730,정 검-금의위,평점 항목 없음
7737,디센트,평점 항목 없음
7745,용서받지 못한 자,평점 항목 없음
7747,글래디에이터 - 템플기사단,평점 및 리뷰 없음
7750,G컵 미녀의 참을 수 없는 폭주,평점 항목 없음
7752,개인교수: 심화학습 (무삭제),평점 항목 없음
7757,내 여자친구의 엄마,평점 항목 없음
7759,더 걸 이즈 인 트러블,평점 및 리뷰 없음
7761,더 레슨: 마지막 수업,평점 및 리뷰 없음
7762,더 프레피 커넥션,평점 및 리뷰 없음
7763,데스타운 2,평점 및 리뷰 없음
7765,동거녀의 달콤한 젤리,평점 항목 없음
7770,러브 아일랜드,평점 항목 없음
7771,런 라이크 헬,평점 및 리뷰 없음
7772,론울브스,평점 항목 없음
7774,버닝데드: 좀비의섬,평점 및 리뷰 없음
7775,베이글녀들의 성감클럽,평점 항목 없음
7777,블랙번: 죽음의 숲,평점 및 리뷰 없음
7779,비욘드 리뎀션,평점 및 리뷰 없음
7780,사무라이헌터,평점 및 리뷰 없음
7781,새 엄마의 딸: 내 여자가 되던 날,평점 항목 없음
7782,새색시의 비밀극장,평점 항목 없음
7783,새엄마: 아버지의 여자를 탐하다,평점 항목 없음
7785,섹시한 마담의 은밀한 과거,평점 항목 없음
7786,스크림 더 데빌,평점 및 리뷰 없음
7787,스탠드업 가이,평점 항목 없음
7788,시클루젼 : 죽음의캠프,평점 및 리뷰 없음
7790,아내의 비밀욕정 3 : 쾌락,평점 항목 없음
7791,아내의 비밀욕정 4 : 음란,평점 항목 없음
7792,아내의 엄마: 데릴 사위,평점 항목 없음
7794,애프터: 하고 싶은 그녀,평점 항목 없음
7795,어느 여죄수의 비밀정사,평점 항목 없음
7796,어린 엄마: 딸과 함께,평점 항목 없음
7797,언원티드:초대받지않은손님,평점 및 리뷰 없음
7798,언유주얼 서스펙트,평점 및 리뷰 없음
7800,에코 이펙트,평점 및 리뷰 없음
7802,여사장의 은밀한 유혹,평점 항목 없음
7803,예비 신부의 러브호텔 체험기,평점 항목 없음
7804,오르가즘: 신입 여형사의 특수임무,평점 항목 없음
7805,오퍼나지: 비밀의 집,평점 및 리뷰 없음
7806,옹박 4: 리얼 액션 마스터,평점 및 리뷰 없음
7807,욕구불만 아내의 밀회,평점 항목 없음
7809,위기의 유부남: 만나는 여자마다 하고 싶어!,평점 항목 없음
7810,위기의 유부녀: 남편과는 다른 맛,평점 항목 없음
7811,유혹 2,평점 항목 없음
7812,응큼 살벌한 섹스,평점 항목 없음
7813,이너데몬스,평점 및 리뷰 없음
7814,인썸니악: 사라진기억,평점 및 리뷰 없음
7815,인터스텔라: 우주 전쟁,평점 및 리뷰 없음
7816,인턴 간호사의 아주 특별한 경험,평점 항목 없음
7817,젊은 미용사의 화끈한 서비스,평점 항목 없음
7818,젊은 형부 무삭제판,평점 항목 없음
7819,조건만남 : 불륜의 시작,평점 항목 없음
7820,좀비월드,평점 항목 없음
7822,지구 최후의 날 2015,평점 항목 없음
7823,청순 여형사의 비밀스런 이중 생활,평점 항목 없음
7824,초식남의 미끈한 OL녀 맛보기,평점 항목 없음
7825,치한전차: 음란한 퇴근길,평점 항목 없음
7826,친구 아내: 절친 부부의 초대장,평점 항목 없음
7827,친구엄마: 여자로 보일 때,평점 항목 없음
7828,카미노,평점 항목 없음
7829,쾌락지구X,평점 및 리뷰 없음
7830,크로씽 포인트,평점 항목 없음
7831,클럽 라이프,평점 및 리뷰 없음
7833,킥복서 리턴즈,평점 항목 없음
7834,택시: 나이트페어,평점 및 리뷰 없음
7835,투어드포스 : 기적의 여정,평점 및 리뷰 없음
7836,포비아: 악령의 한,평점 및 리뷰 없음
7838,프로모션 걸의 사생활,평점 항목 없음
7839,필사의검 토리사시,평점 및 리뷰 없음
7840,하숙집 2 (무삭제),평점 항목 없음
7844,헌팅 더 레전드,평점 및 리뷰 없음
7846,사람은 무엇으로 사는가,평점 항목 없음
7855,원피스 : 에피소드 오브 메리 ~ 또 하나의 동료 이야기 ~,평점 항목 없음
7859,창녀 고문 지옥,평점 항목 없음
7862,O양 비디오의 정사,평점 항목 없음
7863,굿나잇 레인의 악령,평점 및 리뷰 없음
7864,"금붕어, 여자",평점 및 리뷰 없음
7865,꽃은 밤에 피고-유리아,평점 항목 없음
7866,남친 집 방문기-그놈의 유혹,평점 항목 없음
7867,남편 몰래 외도하기,평점 항목 없음
7868,남편은 없어-미망인의 정사,평점 항목 없음
7869,내 이웃의 아내 (무삭제),평점 항목 없음
7870,노천온천탕의 세자매 2-욕구불만,평점 항목 없음
7871,노천온천탕의 세자매-애욕계약,평점 항목 없음
7872,노팬티 카페의 여자,평점 항목 없음
7873,녹아내리는 육체,평점 항목 없음
7874,농염한 정사 - 젖은 속옷,평점 항목 없음
7875,단지처 3: 위험한 과외,평점 항목 없음
7876,댓 어쿼드 모먼트-그 어색한 순간,평점 항목 없음
7879,데빌 인사이드 : 악령의 집,평점 및 리뷰 없음
7880,두 여자의 남자,평점 및 리뷰 없음
7882,메이드가 속삭일 때 - 유혹,평점 항목 없음
7883,모두의 사정-절정의 스와핑,평점 항목 없음
7884,백합의 유혹-섹스리스의 해결,평점 항목 없음
7885,뱀파이어 시스터,평점 항목 없음
7886,벌거벗은 사랑은 음란하다,평점 항목 없음
7887,변태투명인간2- 간호사 훔쳐보기,평점 항목 없음
7888,부부교환: 바꿔서 해볼까?,평점 항목 없음
7889,비키니 모델 아카데미,평점 및 리뷰 없음
7891,사랑의 난,평점 항목 없음
7892,사랑할 때 사랑받을 때,평점 항목 없음
7894,사채빚 2억-불어난 이자,평점 항목 없음
7895,사탄의 사자: 망자의 저주,평점 및 리뷰 없음
7898,속옷을 찢고-미망인 정사,평점 항목 없음
7899,술집 거유녀와 이쁜이,평점 항목 없음
7901,스캐빈저,평점 항목 없음
7902,신경쇠약 직전의 뱀파이어,평점 항목 없음
7903,썸타는 퇴근길-그놈이 기다리는 길,평점 항목 없음
7904,쓰레기 같은 남편과,평점 항목 없음
7905,아내가 사랑한 여름 - 정사,평점 항목 없음
7906,아메리칸 비치 하우스,평점 및 리뷰 없음
7907,아오이-창의적 정사,평점 항목 없음
7908,아이돌간호사모모코,평점 항목 없음
7911,야한 동거 체험 - 키스 5초 전,평점 항목 없음
7912,에로 재팬 축제 - 밀리언 드림,평점 항목 없음
7914,여의사의 유출본 - 얼굴,평점 항목 없음
7915,여자는 이걸로 만족하지 않아,평점 항목 없음
7916,옆집 신혼녀의 유혹,평점 항목 없음
7917,오늘은 너랑 - 초보간호사,평점 항목 없음
7919,왕게임-58일 후 후편,평점 항목 없음
7920,욕정이 흐르는 대로,평점 항목 없음
7922,워하우스: 죽음의 표식,평점 및 리뷰 없음
7923,위 맨,평점 항목 없음
7924,유부녀수사관 마키,평점 항목 없음
7925,유출본 - 끝까지 한다,평점 항목 없음
7926,육체 간호의 시작,평점 항목 없음
7927,젊은 처형,평점 및 리뷰 없음
7928,주부의 일탈-남편 부하,평점 항목 없음
7929,쥬라기 시티,평점 및 리뷰 없음
7930,청불학원,평점 항목 없음
7931,초악인,평점 항목 없음
7932,캐빈 피버: 블러디 홀리데이,평점 및 리뷰 없음
7934,캠투캠: 위험한 게임,평점 및 리뷰 없음
7935,킹 오브 썸머,평점 및 리뷰 없음
7936,폭풍정사,평점 항목 없음
7937,풀: 분노의 광기,평점 및 리뷰 없음
7938,풍만한 마리아의 가슴,평점 항목 없음
7939,할 때까지 안 보낼꺼야,평점 항목 없음
7941,화려한 사쿠라 - 육체,평점 항목 없음
7942,화려한 오후: 그녀의 새파트너,평점 항목 없음
7944,다윗과 골리앗,평점 항목 없음
7945,더 포저,평점 항목 없음
7947,도성풍운 2,평점 및 리뷰 없음
7955,어떤 가족,평점 항목 없음
7966,후궁 : 천년금애 무삭제 감독판,평점 항목 없음
7968,미스 히스테리,평점 및 리뷰 없음
7969,금병매2,평점 항목 없음
7973,스파이: 작전명 태풍,평점 항목 없음
8000,워리어 스타,평점 항목 없음
8004,크리스마스엔 눈이 올까요?,평점 항목 없음
8007,게드전기 : 어스시의 전설,평점 항목 없음
8008,무국적소녀,평점 및 리뷰 없음
8009,스티븐 시걸의 작전명 고스트,평점 항목 없음
8010,어떤 만남,평점 항목 없음
8030,매드맥스,평점 항목 없음
8033,F컵 거유녀의 이중 생활: 매춘,평점 항목 없음
8034,F컵 바람난 거유 유부녀: 문란한 정사,평점 항목 없음
8035,다크사이드 위치스: 저주의 눈빛,평점 항목 없음
8036,데빌 데쓰,평점 항목 없음
8038,보디가드: 도시정벌,평점 및 리뷰 없음
8039,불륜 중독: 남자들의 섹스 노리개,평점 항목 없음
8040,섹스 전문 레이코의 하루,평점 항목 없음
8041,어 롱 웨이 다운,평점 및 리뷰 없음
8042,완벽한 와이프: 낮저밤이,평점 항목 없음
8044,카쿠야의 음란한 동거: 그녀의 정사,평점 항목 없음
8045,집으로 간다,평점 항목 없음
8056,백작부인,평점 항목 없음
8066,트라이브,평점 항목 없음
8072,포르노 그래픽 어페어,평점 항목 없음
8075,그녀의 섹스 테크닉,평점 항목 없음
8077,노리개가 된 아내,평점 항목 없음
8078,더 마인즈 아이,평점 및 리뷰 없음
8079,더 매니저,평점 항목 없음
8081,머리 감겨주는 거유미용실,평점 항목 없음
8084,바이 더 건,평점 항목 없음
8085,쇼다운 인 마닐라,평점 및 리뷰 없음
8087,컨파인스,평점 및 리뷰 없음
8089,퍼펙트 웨폰,평점 및 리뷰 없음
8090,피어 오브 다크니스,평점 및 리뷰 없음
8098,리틀 고비,평점 항목 없음
8101,천국에 있는 것처럼,평점 항목 없음
8105,패스트 콘보이,평점 및 리뷰 없음
8114,마이 보이,평점 항목 없음
8120,소년 이야기,평점 항목 없음
8122,악녀의 시,평점 항목 없음
8131,사랑의 시간,평점 및 리뷰 없음
8137,정사 4,평점 및 리뷰 없음
8144,헤라클레스: 전설의 부활,평점 및 리뷰 없음
8146,글래머 여선생의 야한 수업,평점 항목 없음
8148,레이지 헤이지 크레이지,평점 및 리뷰 없음
8149,미스터 토렌테,평점 및 리뷰 없음
8151,완전한 노예,평점 항목 없음
8152,가정교사의 위험한 방문,평점 항목 없음
8153,감금일지-메이드,평점 항목 없음
8154,강제섹스: 그 남자의 섹스방식,평점 항목 없음
8155,걸 아바타,평점 항목 없음
8158,과외선생님 : 심화학습편,평점 항목 없음
8159,교생 미나코,평점 항목 없음
8160,굿바이 마마,평점 및 리뷰 없음
8162,궁녀-방탕한 왕과 음란한 궁녀들,평점 항목 없음
8163,그녀는 맛있는 섹스파트너,평점 항목 없음
8164,그녀의 욕정: 너무 하고 싶어요,평점 항목 없음
8165,극장 치한,평점 항목 없음
8166,기모노를 입은 아가씨,평점 항목 없음
8167,나쁜남자-유부녀겁탈,평점 항목 없음
8169,남녀의 궁합 무삭제,평점 항목 없음
8170,내 여동생은 어린신부,평점 항목 없음
8171,내 친구의 아내 (무삭제),평점 항목 없음
8172,노리개가 된 여대생,평점 항목 없음
8173,농염한 인어공주,평점 및 리뷰 없음
8174,누나 친구 무삭제판,평점 항목 없음
8175,누나 친구: 화려한 외출,평점 항목 없음
8176,능욕당한 여자 : 사키,평점 항목 없음
8177,닥터X - 유혹의 마작,평점 항목 없음
8180,덤프걸 유코,평점 항목 없음
8182,라스트 걸 스탠딩,평점 및 리뷰 없음
8183,레몬 트리 패시지 : 죽음의 질주,평점 및 리뷰 없음
8185,롯본기 양키전쟁,평점 항목 없음
8186,리틀 데스,평점 항목 없음
8187,리퍼,평점 항목 없음
8189,마스터: 뒤틀린 사랑,평점 및 리뷰 없음
8190,맛2 (무삭제),평점 항목 없음
8191,매춘: 내 아내와 딸,평점 항목 없음
8192,무녀의 탐스러운 육체,평점 항목 없음
8193,물의 목소리를 듣다,평점 및 리뷰 없음
8194,뭐든지 해드릴게요,평점 항목 없음
8195,밀실성애-불륜의 그림자,평점 항목 없음
8196,밀애 : 내 이웃의 유부녀들,평점 항목 없음
8197,밀애: 아주버님,평점 항목 없음
8198,버스가이드의 몸을 탐하다,평점 항목 없음
8199,버스가이드의 젖은 속옷,평점 항목 없음
8200,범해진 소녀들,평점 항목 없음
8202,부인친구의 딸,평점 항목 없음
8203,불륜 동창회: 선생님의 특별수업,평점 항목 없음
8204,비밀정사:친구의 아빠,평점 항목 없음
8205,비서실 여직원들과의 교환섹스,평점 항목 없음
8206,성스러운 스즈네 : 에볼루션,평점 항목 없음
8207,성스러운 스즈네 : 제네시스,평점 항목 없음
8208,섹스 오브 더 데드,평점 항목 없음
8209,섹스천국 일본,평점 항목 없음
8210,섹시 방문판매원,평점 항목 없음
8211,순결상실,평점 항목 없음
8212,슈퍼 샤크,평점 및 리뷰 없음
8214,스튜어디스의 이중생활,평점 항목 없음
8216,신입얼짱 관광가이드,평점 항목 없음
8217,신화: 고대 왕국의 비밀,평점 및 리뷰 없음
8218,실화: 일본연쇄강간사건,평점 항목 없음
8219,심야 여자의 두 얼굴,평점 항목 없음
8220,심야병동: 맛있는 간호사들,평점 항목 없음
8221,아내의 위험한 부업,평점 항목 없음
8222,아즈마 린의 전기고문실,평점 및 리뷰 없음
8223,애인교환섹스,평점 항목 없음
8224,야쿠자의 아내,평점 항목 없음
8225,야한 병동 24시,평점 항목 없음
8227,엄마 친구: 사랑하고 싶은 여자,평점 항목 없음
8228,엄마 친구: 여자로 보일때,평점 항목 없음
8229,엄마 친구: 여자로 보일때 무삭제판,평점 항목 없음
8230,에로낚시광,평점 항목 없음
8231,에로닌자걸:정사,평점 항목 없음
8232,여대생 살인기,평점 항목 없음
8233,여동생의 금지된 사랑,평점 및 리뷰 없음
8234,여성배우들,평점 항목 없음
8235,여자 감옥: 간수의 노리개,평점 항목 없음
8236,"여형사:강간,사랑 그리고 맛있는 섹스",평점 항목 없음
8237,연애가정교사 미숙한포옹,평점 항목 없음
8238,옆집 새댁: 쿄코는 글래머,평점 항목 없음
8240,외출: 외로운 여자들,평점 항목 없음
8241,욕망의 하숙집,평점 항목 없음
8243,위기의 유부녀: 남편은 출장 중,평점 항목 없음
8244,위험한 상상: 치한에게 느낀 욕정,평점 항목 없음
8245,위험한 아파트관리인: 표적이 된 여대생,평점 항목 없음
8246,유부녀 트럭걸,평점 항목 없음
8247,유부녀:납치감금,평점 및 리뷰 없음
8248,유부녀의 사생활,평점 항목 없음
8249,은밀한 영업부: 위험한 스캔들,평점 항목 없음
8250,은밀한 영업부: 유혹의 그림자,평점 항목 없음
8251,은어 무삭제판,평점 항목 없음
8252,음란한 AV아이돌,평점 항목 없음
8253,음란한 병원:전신마취,평점 항목 없음
8254,음란한 유치장,평점 항목 없음
8255,음탕한 아내의 일기,평점 항목 없음
8256,이복자매-언니애인과의 황홀한 정사,평점 항목 없음
8257,이케부쿠로 양키전쟁,평점 항목 없음
8258,이케부쿠로 양키전쟁 2 - 사키,평점 항목 없음
8259,자매 : 쾌락의 노예,평점 항목 없음
8260,자매: 욕망에 눈뜨다,평점 항목 없음
8261,전철: 그녀들의 절정,평점 항목 없음
8262,전철에서 만난 사랑이야기,평점 항목 없음
8263,절정의 테크닉: 파동,평점 항목 없음
8264,젊은 과부의 애프터서비스,평점 항목 없음
8265,젊은 자매와의 맛있는 섹스,평점 항목 없음
8266,젊은 제수씨,평점 항목 없음
8267,젊은 하숙집 아줌마,평점 항목 없음
8268,정사: 비밀스런 사랑,평점 항목 없음
8269,정사: 착한 엄마와 딸,평점 항목 없음
8270,중독: 끝없는 성욕,평점 항목 없음
8271,직장 여선배와의 맛있는 섹스,평점 항목 없음
8272,직장섹스: 미국 남사장과 일본 여직원들,평점 항목 없음
8273,직장연애사-섹스파트너,평점 항목 없음
8275,착한 누나: 무삭제판,평점 항목 없음
8276,착한여자 (무삭제),평점 항목 없음
8277,천국의 정사,평점 항목 없음
8278,최면 전문의,평점 항목 없음
8279,친구 누나 무삭제,평점 항목 없음
8280,친구엄마: 사랑이 필요해 무삭제판,평점 항목 없음
8281,친구엄마: 은밀한 유혹,평점 항목 없음
8285,타락한 유부녀,평점 항목 없음
8288,터키탕:섹시한 알바생,평점 항목 없음
8290,트럭걸 나미,평점 항목 없음
8293,풍만한 하숙집 여주인,평점 항목 없음
8294,플라잉 홈,평점 및 리뷰 없음
8295,피어 클리닉,평점 및 리뷰 없음
8296,하숙생 씻겨주는 과부,평점 항목 없음
8297,하숙집 자매: 총각,평점 항목 없음
8298,하숙집: 음란한 사생활,평점 항목 없음
8301,호스티스:접대부의 생활,평점 항목 없음
8302,혼외정사: 외국인의 맛,평점 항목 없음
8303,후궁:왕의 음탕한 정사,평점 항목 없음
8304,흔들리는 떡국열차 무삭제판,평점 항목 없음
8310,열쇠,평점 항목 없음
8314,황비홍의서역웅사,평점 항목 없음
8315,회오리 바람,평점 항목 없음
8316,독재자를 죽여라,평점 및 리뷰 없음
8321,아우트 로,평점 항목 없음
8330,애비,평점 항목 없음
8337,그녀의 젖은 속옷 : 위에서 해줄래?,평점 항목 없음
8338,나의 빅사이즈 남사친,평점 및 리뷰 없음
8343,불륜 : 친구의 아내를 탐하다,평점 항목 없음
8344,섹스 러브 앤 테라피,평점 항목 없음
8346,오페라,평점 항목 없음
8354,닌자터틀,평점 항목 없음
8358,세일러복과 기관총 – 졸업,평점 항목 없음
8364,은행털이 할배와 나,평점 및 리뷰 없음
8365,음란한 화상 무삭제판,평점 항목 없음
8374,귀 鬼,평점 항목 없음
8378,가미카제,평점 항목 없음
8379,가정교사: 앞집 아줌마의 수업,평점 항목 없음
8380,거리의 보안관,평점 및 리뷰 없음
8381,건우먼,평점 및 리뷰 없음
8384,남편만 몰라요 (무삭제),평점 항목 없음
8388,라이즈 오브 좀비,평점 항목 없음
8390,란제리 사나이,평점 항목 없음
8391,런던잡,평점 및 리뷰 없음
8398,미이라: 황제의 부활,평점 및 리뷰 없음
8399,보전자전,평점 항목 없음
8401,새크리파이스,평점 항목 없음
8402,서른명의 여자와 30일,평점 및 리뷰 없음
8404,섹스돌,평점 항목 없음
8405,섹시 캣,평점 항목 없음
8409,신 금병매 2,평점 항목 없음
8410,신밧드: 제5의 항해,평점 및 리뷰 없음
8411,신주쿠 여고생 납치사건(완전한 사육),평점 항목 없음
8413,아웃캐스트: 절명도망 무삭제판,평점 항목 없음
8415,애프터이미지,평점 항목 없음
8420,오스틴 파워 : 제로,평점 항목 없음
8422,완전한 사육 4: 비밀의 지하실,평점 항목 없음
8426,일본대침몰: 야쿠자 대전쟁,평점 및 리뷰 없음
8428,지구침략: 기계들의 반란,평점 항목 없음
8429,캘린더걸-무삭제,평점 항목 없음
8438,호드,평점 항목 없음
8439,황금 육체-정사의 맛,평점 항목 없음
8440,히트스트로크,평점 및 리뷰 없음
8441,1941: 세바스토폴 상륙작전,평점 및 리뷰 없음
8443,20대 같은 40대 미시녀,평점 항목 없음
8444,2차 세계대전 타임트랙,평점 및 리뷰 없음
8446,400 데이즈,평점 항목 없음
8447,DOA,평점 항목 없음
8448,P.S. 걸 무삭제,평점 항목 없음
8449,VIP전용 여자,평점 항목 없음
8450,av감독의 아내,평점 항목 없음
8452,가슴 노출을 허하라!,평점 및 리뷰 없음
8453,가슴으로 죽이는 여자,평점 항목 없음
8454,가슴을 탐하는 남자들,평점 항목 없음
8455,가정교사 길들이기,평점 항목 없음
8456,가정교사: 하고 싶은 여자,평점 항목 없음
8457,가정교사의 맛있는 수업,평점 항목 없음
8458,가정교사의 질투,평점 항목 없음
8459,가정부의 젖은 스타킹,평점 항목 없음
8460,"가해자의 딸, 나츠메 유키",평점 항목 없음
8461,간음:위험한 유부녀들,평점 항목 없음
8462,간호사들의 음담패설-충격실화,평점 항목 없음
8463,간호사만 참아야하나,평점 항목 없음
8464,감금유희 - 맘대로,평점 항목 없음
8465,갑질섹스-색기,평점 항목 없음
8466,강한건 당신의 키스 -체취,평점 항목 없음
8467,강한걸 좋아하는 유부녀,평점 항목 없음
8468,같이 목욕하는 가정교사,평점 항목 없음
8469,개인교수 : 맛있게 섹스하는 방법,평점 항목 없음
8470,개인교수 : 맛있게 섹스하는 방법(무삭제),평점 항목 없음
8471,거울앞의 정사,평점 항목 없음
8472,거유 버스가이드,평점 항목 없음
8473,거유 형수님과 불륜,평점 항목 없음
8474,거유간호사 폭유간호사,평점 항목 없음
8475,거유마사지-가슴골,평점 항목 없음
8476,거유이발소-어서오세요,평점 항목 없음
8477,거유천국-안마천국,평점 항목 없음
8478,거유탐닉 - 그녀의 방에서,평점 항목 없음
8481,게스트 하우스 여주인의 비밀연애,평점 항목 없음
8482,게이샤의 정사,평점 항목 없음
8483,게임과 정사,평점 항목 없음
8484,결혼 4년차의 불륜-남편후배와,평점 항목 없음
8485,결혼하고 싶은 예비 신부,평점 항목 없음
8486,결혼할 남자 있어요,평점 항목 없음
8487,경양식집 유부녀 정사,평점 항목 없음
8488,계약직 여직원의 성접대,평점 항목 없음
8490,공즉시색 무삭제,평점 항목 없음
8491,과부: 탐스러운 육체,평점 및 리뷰 없음
8492,과부의 성,평점 항목 없음
8493,과부의 속사정,평점 항목 없음
8494,과부의 욕정 풀기,평점 항목 없음
8495,과부의 음란한 페로몬,평점 항목 없음
8496,과장님의 여직원 길들이기,평점 항목 없음
8497,관능 러브 스토리,평점 항목 없음
8498,관능 소설가의 노예 아내,평점 항목 없음
8499,관능 에로실화 극장,평점 항목 없음
8500,관능 여의사의 치욕,평점 항목 없음
8501,광란의 섹스파티 무삭제판,평점 항목 없음
8503,교수와 여제자: 사랑,평점 항목 없음
8504,굴욕 조교 - 불타는 유부녀,평점 항목 없음
8505,굵은 애인과 불륜사이,평점 항목 없음
8506,굶주린 미망인과 세 딸,평점 항목 없음
8507,굶주린 여신: 양기흡수,평점 항목 없음
8508,굿바이 뉴욕,평점 및 리뷰 없음
8509,귀여운 아내 화끈한 애인,평점 항목 없음
8510,귀여운 연하남 - 이리와,평점 항목 없음
8511,그 입술에 사랑을,평점 항목 없음
8512,그녀가 그녀를 사랑할 때,평점 항목 없음
8514,그녀는 포위됐다 - 지하철,평점 항목 없음
8515,그녀와의 섹스는 맛있다,평점 항목 없음
8516,그녀의 가슴냄새,평점 항목 없음
8517,그녀의 섹시라이프,평점 및 리뷰 없음
8518,그녀의 음란한 꽃,평점 항목 없음
8519,그녀의 황홀한 손놀림-마작,평점 및 리뷰 없음
8520,그놈의 강제정사,평점 항목 없음
8521,그놈이 남긴 흔적-육정,평점 항목 없음
8522,그라비아 아이돌의 운명,평점 항목 없음
8524,그룹섹스: 젊은 여사장과 남자직원들,평점 항목 없음
8525,그의 몸에 사랑을 느끼다 - 육체,평점 항목 없음
8526,극강 수위 - 농후한 몸매,평점 항목 없음
8527,극강쾌락 여인천하,평점 항목 없음
8528,극비 미망인의 정사,평점 항목 없음
8529,극상 아로마마사지,평점 항목 없음
8531,"금지된 섹스, 달콤한 복수 무삭제 감독판",평점 항목 없음
8532,기 빨리는 하숙집,평점 및 리뷰 없음
8533,기둥서방의 여인,평점 항목 없음
8534,기모노가 젖은 밤,평점 항목 없음
8535,길가다 주운 여자,평점 항목 없음
8536,길거리 쌈녀의 섹스 트레이닝,평점 항목 없음
8537,길들여 주세요,평점 항목 없음
8539,깨어보니 다른 남편과...,평점 항목 없음
8540,꽃꽃이 부인의 가슴향기,평점 항목 없음
8541,나는 야한 여자가 좋다 3 무삭제감독판,평점 항목 없음
8542,나를 찾아봐,평점 항목 없음
8543,나쁜 남자: 강간 당한 아내,평점 항목 없음
8544,나쁜 수업,평점 항목 없음
8545,나쁜놈은 죽는다 무삭제 특별판,평점 항목 없음
8546,나어떡해-형수님,평점 항목 없음
8548,나치의 대침공,평점 항목 없음
8550,난교: 쾌락의 맛,평점 항목 없음
8551,남녀의 속궁합,평점 항목 없음
8552,남자와 여자 그리고 여자의 동거,평점 항목 없음
8553,남자회원들을 위한 서비스,평점 항목 없음
8554,남편 대학 친구와 정사,평점 항목 없음
8555,남편 부하와의 정사,평점 항목 없음
8556,남편 사진 앞에서 불륜,평점 항목 없음
8557,남편 앞에서 당하는 아내,평점 항목 없음
8558,남편 제자와의 밀애,평점 항목 없음
8559,남편 후배와 집에서,평점 항목 없음
8560,남편 후배의 야한 속삭임,평점 항목 없음
8561,남편과 남편 부하,평점 항목 없음
8562,남편과 다른 맛,평점 항목 없음
8563,남편에게만은 알리지마,평점 항목 없음
8564,남편을 위한 정사,평점 항목 없음
8565,낮부터 정사 - 빨리와,평점 항목 없음
8566,낮에는 숙녀 밤에는 요부,평점 항목 없음
8567,낮에는 숙녀 밤에는 요부(무삭제),평점 항목 없음
8568,내 남편의 가정교사 - 무삭제,평점 항목 없음
8569,내 동생의 아내 무삭제판,평점 항목 없음
8570,내 동생의 여자친구,평점 항목 없음
8572,내 아내의 불륜,평점 항목 없음
8573,내 아내의 사정,평점 항목 없음
8574,내 아내의 엄마: 사위를 탐하다,평점 항목 없음
8575,내 이웃의 아내: 부부교환,평점 항목 없음
8576,"내 친구, 그의 아내",평점 항목 없음
8577,내 학생의 엄마 무삭제판,평점 항목 없음
8578,내안의 음란한 성욕,평점 항목 없음
8579,너를 접수해주마 - 밀회,평점 항목 없음
8580,너의 사랑의 꽃은 피고,평점 항목 없음
8582,네가 사랑한 육체 - 관계,평점 항목 없음
8584,노리개: 친구의 아내,평점 항목 없음
8585,노리코의 은밀한 사생활,평점 항목 없음
8586,노예로 삼아줘 - 첫사랑,평점 항목 없음
8587,노예의 성욕-불기둥,평점 항목 없음
8588,노을지는 거실의 정사,평점 항목 없음
8589,노조미의 음탕한 섹스,평점 항목 없음
8590,노조미의 음탕한 섹스(무삭제),평점 항목 없음
8591,노천탕의 여주인,평점 항목 없음
8592,노출 쾌락 거유녀-전편,평점 항목 없음
8593,노출 쾌락 거유녀-후편,평점 항목 없음
8594,농염한 불륜녀,평점 항목 없음
8595,농염한 유부녀의 손가락,평점 항목 없음
8596,누드모델과 화가,평점 항목 없음
8597,눈맞은 유부녀,평점 항목 없음
8598,느끼는 꽃잎의 입술,평점 항목 없음
8599,느끼는 유부녀의 꿀단지,평점 항목 없음
8600,능욕 보험 영업의 비밀,평점 항목 없음
8601,능욕정사: 내 옆집의 남자,평점 항목 없음
8602,닌자헌터-사냥의 시작,평점 및 리뷰 없음
8603,"님프, 피의 요정",평점 및 리뷰 없음
8604,다다미 방의 정사,평점 항목 없음
8605,다빈치 트레져,평점 및 리뷰 없음
8608,다크 타이드,평점 항목 없음
8610,단발머리,평점 항목 없음
8611,단지처 길들이기 - 유부녀,평점 항목 없음
8612,달빛섹스정사-기모노,평점 항목 없음
8613,달콤한 사무실 육정,평점 항목 없음
8614,달콤한 입술 맛보기,평점 항목 없음
8615,대머리 오일마사지사,평점 항목 없음
8616,대범한 불륜 정사,평점 항목 없음
8621,더 와처스: 방콕,평점 및 리뷰 없음
8623,더 인베이젼,평점 항목 없음
8626,더 하이브,평점 항목 없음
8628,데블핸드,평점 및 리뷰 없음
8629,데스가즘,평점 항목 없음
8630,데이식스,평점 항목 없음
8631,도망자 2016,평점 및 리뷰 없음
8632,도시락집 여주인과 연하남,평점 항목 없음
8633,독신남자와 이웃집여자,평점 항목 없음
8634,돌싱의 맛있는 유혹,평점 항목 없음
8635,동거의 목적(무삭제판),평점 항목 없음
8636,동경밀회-불륜의 정사,평점 항목 없음
8637,동생애인과의 정사,평점 항목 없음
8638,동정바친 가정교사,평점 항목 없음
8640,동창생과 자는 여자,평점 항목 없음
8641,동창회의 목적(무삭제),평점 항목 없음
8642,두 번 벗은 형수님,평점 항목 없음
8643,두 번째 아내,평점 항목 없음
8644,두꺼운 정력가와 유부녀,평점 항목 없음
8645,두마리 여우와의 정사,평점 항목 없음
8647,뒤로 부탁해요-소악마의 유혹,평점 항목 없음
8648,뒷태가 이쁜 미망인,평점 항목 없음
8650,드래곤 레저렉션,평점 항목 없음
8651,드래곤 파이터 P-51,평점 및 리뷰 없음
8652,드론전쟁: 굿킬,평점 및 리뷰 없음
8653,들이대는 대학선배-이제그만,평점 항목 없음
8654,따라지: 비열한 거리 무삭제판,평점 항목 없음
8655,떡국열차 신드롬 무삭제판,평점 항목 없음
8656,뜨거운 여감옥의 밤,평점 항목 없음
8657,뜨거운 이웃 무삭제 감독판,평점 항목 없음
8658,라다랜드,평점 항목 없음
8659,라면 먹고 갈래?,평점 항목 없음
8660,라면집 아줌마,평점 항목 없음
8661,라인 오브 듀티,평점 항목 없음
8662,란교 - 닥치고 정사,평점 항목 없음
8663,러브앤서울 복숭아마을 도색소동기 무삭제판,평점 항목 없음
8664,러브인베를린,평점 및 리뷰 없음
8665,런어웨이-72,평점 및 리뷰 없음
8671,루팡 3세 무삭제판,평점 항목 없음
8674,리나의 좋은 가슴,평점 항목 없음
8677,리얼 막장 간호사,평점 항목 없음
8678,리큐에게 물어라,평점 항목 없음
8681,마법의 제왕,평점 항목 없음
8682,마사지사의 유혹 - 손놀림,평점 항목 없음
8683,마야의 신음작렬,평점 항목 없음
8685,마지막 한번만 더 - 육감적 정사,평점 항목 없음
8686,막장 젊은 아줌마,평점 항목 없음
8687,맛 2016: 삼시색기,평점 항목 없음
8689,맛있는 간호사의 정사,평점 항목 없음
8690,맛있는 성노예,평점 항목 없음
8691,맛있는 하숙집 여주인,평점 항목 없음
8692,맞바람 부부의 고백,평점 항목 없음
8693,매치,평점 항목 없음
8694,먼저 자버린 남편과 불타는 육체,평점 항목 없음
8695,명품 몸매 형수님,평점 항목 없음
8696,명품 몸매의 유부녀,평점 항목 없음
8697,명품 주부의 유혹,평점 항목 없음
8699,모텔과 화장실,평점 항목 없음
8700,모텔아가씨-녹는 육체,평점 항목 없음
8701,목욕탕 그녀와 알바남,평점 항목 없음
8702,몬스터 맥스,평점 및 리뷰 없음
8703,몸 로비,평점 항목 없음
8704,몸의 반응 -노예,평점 항목 없음
8705,무릎배개의 유혹,평점 항목 없음
8706,무삭제 스와핑-절정,평점 항목 없음
8708,물오른 미시 간호사,평점 항목 없음
8709,뮤턴트 둠스데이,평점 항목 없음
8712,미궁: 비밀애 무삭제 특별판,평점 항목 없음
8713,미망인 : 돈을 받고 몸을 주다,평점 항목 없음
8714,미망인 절정분수,평점 항목 없음
8715,미망인 하숙집의 환락,평점 항목 없음
8716,미망인과 이웃집 남자들,평점 항목 없음
8717,미망인의 참을 수 없는 욕정,평점 항목 없음
8718,미스택시드라이버,평점 항목 없음
8719,미용사의 손놀림 - 그녀,평점 항목 없음
8720,미인 며느리의 뒤태,평점 항목 없음
8721,미인자매의 누드모델,평점 항목 없음
8722,밀실욕정-단독공개,평점 항목 없음
8723,밀애 : 과외선생님과의 비밀 정사,평점 항목 없음
8724,밀애: 시아버지,평점 항목 없음
8725,밀애: 자매의 유혹,평점 항목 없음
8726,바로 밑에서 훔쳐보기,평점 항목 없음
8729,바이킹덤-신과의 전쟁 무삭제판,평점 항목 없음
8730,발광하는 불륜남,평점 항목 없음
8731,발칙한 사정열차 - 그놈의 느낌,평점 항목 없음
8732,밤마다 에로 대운동회,평점 항목 없음
8733,밤손님과 거유녀,평점 항목 없음
8734,방석집 여주인 - 남편 후배와,평점 항목 없음
8735,방탕한금수저부인,평점 항목 없음
8736,배트맨 v 슈퍼맨: 섹시히어로즈의 탄생,평점 항목 없음
8737,백의의 난교클럽,평점 항목 없음
8739,뱅크레이디,평점 항목 없음
8740,버진 사무라이,평점 항목 없음
8742,벚꽃독신녀의 정사,평점 항목 없음
8745,변태 엉덩이 정사,평점 항목 없음
8746,변태여과장의 에로폭발,평점 항목 없음
8747,변태욕구,평점 및 리뷰 없음
8748,변태커플 스와핑,평점 항목 없음
8749,병원 화장실에서,평점 항목 없음
8750,보리의 은밀한 사생활,평점 항목 없음
8751,복숭아 엉덩이 여인,평점 항목 없음
8752,복숭아골 유부녀,평점 항목 없음
8753,복종의 메이드 - 무한 쾌락,평점 항목 없음
8754,부인을 탐내는 능욕자들,평점 항목 없음
8755,분노의 레이싱 질주,평점 항목 없음
8757,불량선생,평점 항목 없음
8758,불륜 고백 무삭제판,평점 항목 없음
8759,불륜 동창회,평점 항목 없음
8760,불륜 발각 - 아내의 여행,평점 항목 없음
8761,불륜 와이프와 맛있는 처녀,평점 항목 없음
8762,불륜: 오피스와이프,평점 항목 없음
8763,불륜녀의 정욕,평점 항목 없음
8764,불륜녀의 황홀한 입맞춤,평점 항목 없음
8765,불륜사고-쌍방책임,평점 항목 없음
8766,불륜수업-나쁜놀이,평점 항목 없음
8767,불륜여행 - 몸을 포개며,평점 항목 없음
8768,불륜의 오피스걸-유이,평점 항목 없음
8769,불륜의 와이프-확인실화,평점 항목 없음
8770,불륜의 유부녀,평점 항목 없음
8771,불륜의 육체봉사,평점 항목 없음
8772,불륜의 후예 무삭제판,평점 항목 없음
8773,불륜정사-뒷조사,평점 항목 없음
8774,불륜조사보고서-실황,평점 항목 없음
8775,불륜처 - 머리를 올려라,평점 항목 없음
8776,붉게 발정난 색녀,평점 항목 없음
8777,붉은 알몸-격정사,평점 항목 없음
8779,블랙 로즈,평점 항목 없음
8781,블랙홀,평점 항목 없음
8782,비디오 속 나의 비밀정사,평점 항목 없음
8783,비디오 속 내 아내,평점 항목 없음
8786,비포 위 고,평점 및 리뷰 없음
8787,빅 스카이,평점 항목 없음
8788,빼앗긴 아내,평점 항목 없음
8789,사내 성욕 처리반,평점 항목 없음
8790,사내연애발각-오피스정사,평점 항목 없음
8792,사랑과 성욕의 차이,평점 항목 없음
8793,사랑과 영혼 2016,평점 항목 없음
8795,사랑의 한방울까지-즙남,평점 항목 없음
8797,사악한 정사,평점 항목 없음
8798,사이드트랙크드,평점 및 리뷰 없음
8799,사케와 뜨거운 정사,평점 항목 없음
8800,사쿠라 여자 수용소,평점 항목 없음
8801,사쿠라이 아유의 유혹,평점 항목 없음
8802,사쿠란-관능의 시대극 무삭제판,평점 항목 없음
8806,상사를 사랑한 여직원,평점 항목 없음
8807,상사의 부인,평점 항목 없음
8808,새벽 세시 : 잠들지 못한 자의 이야기,평점 및 리뷰 없음
8809,새아빠: 엄마의 남자를 탐하다,평점 항목 없음
8810,새엄마 그리고 나,평점 항목 없음
8811,새엄마 엿보기 - 흔들리는 가슴과 허리,평점 항목 없음
8812,새엄마 최면술로 맘껏 즐기기,평점 항목 없음
8813,새엄마: 금지된 욕망,평점 항목 없음
8814,새엄마: 아버지의 여자를 탐하다 (무삭제),평점 항목 없음
8815,새엄마의 화끈한 유혹,평점 항목 없음
8816,색광: 섹스에 미친 사람들,평점 항목 없음
8817,색남을 보았다 - 남친,평점 항목 없음
8818,색정광-발정커플,평점 항목 없음
8819,색정유령펜션,평점 항목 없음
8820,생각나는 맛 - 육체관계,평점 항목 없음
8822,서도가의 정사 - 몸에 그리는 붓,평점 항목 없음
8823,서른살의 욕정-처음 아니야,평점 항목 없음
8825,선녀 강림 - 평화를 위해,평점 항목 없음
8826,선배부인과 비밀공유,평점 항목 없음
8827,선배에게 놀아난 섹스,평점 항목 없음
8828,성난 화가 - 무삭제판,평점 항목 없음
8829,성욕노예의 복수,평점 항목 없음
8830,세븐미니츠,평점 및 리뷰 없음
8832,세일즈 우먼의 불륜정사,평점 항목 없음
8833,섹녀: 친구의 여친,평점 항목 없음
8834,섹스 에드,평점 항목 없음
8835,섹스 잘하는 여자가 좋다,평점 항목 없음
8836,섹스 프렌드 스와핑 무삭제판,평점 항목 없음
8837,섹스개인레슨,평점 항목 없음
8838,섹스는 오감만족,평점 항목 없음
8839,섹스와 파칭코,평점 항목 없음
8840,섹스의 맛 무삭제판,평점 항목 없음
8841,섹스의존증의 여자,평점 항목 없음
8842,섹스중독 - 아줌마 자매,평점 항목 없음
8843,섹시 레이디: 나랑 한판 할래?,평점 항목 없음
8844,섹시비서의 은밀한 임무,평점 항목 없음
8846,셜록홈즈-비밀의 열쇠,평점 항목 없음
8847,소권괴초,평점 항목 없음
8850,소설가부인의 유혹,평점 항목 없음
8852,속살 비친 유혹교사,평점 항목 없음
8853,속옷 개방 대방출,평점 항목 없음
8854,"쇼와, 한 낮의 은밀한 외출",평점 항목 없음
8855,수어사이드 스쿼드 : 섹시 히어로즈,평점 항목 없음
8856,수줍은 내 약혼녀,평점 항목 없음
8857,"숙모, 내가 더 잘해요",평점 항목 없음
8858,순백 도우미 - 손으로,평점 항목 없음
8859,술 취해 섹스한 날,평점 항목 없음
8860,쉘터,평점 항목 없음
8862,슈퍼걸 : 미녀파이터,평점 항목 없음
8864,스무살 내 친구 - 미친 향기,평점 항목 없음
8865,스와핑 : 친구의 아내 무삭제판,평점 항목 없음
8866,스와핑:비밀클럽,평점 항목 없음
8867,스캔들: 세 남녀,평점 항목 없음
8868,스타 차일드: 서투른 오디션,평점 항목 없음
8870,스튜어디스 아내의 이중생활,평점 항목 없음
8871,스튜어디스의 사생활,평점 항목 없음
8872,스트리퍼-육체의 향연,평점 항목 없음
8873,스티븐 시걸의 살인면허,평점 항목 없음
8874,스파이 서바이버 무삭제판,평점 항목 없음
8875,스페니쉬 어페어,평점 항목 없음
8876,스페셜 포스 vs 분노의 좀비,평점 및 리뷰 없음
8877,슬롯머신: 하나씩 벗기기,평점 항목 없음
8879,시아버지의 환상,평점 항목 없음
8882,신 금병매,평점 항목 없음
8883,신입 게이샤는 유부녀,평점 항목 없음
8884,신혼녀의 뜨거운 호흡,평점 항목 없음
8885,신혼여행 : 불륜,평점 항목 없음
8886,신혼여행 : 불륜 무삭제,평점 항목 없음
8887,실제 바람피는 간통녀,평점 항목 없음
8888,실제 인터넷만남 - 불륜,평점 항목 없음
8889,실제로 있었던 조건만남,평점 항목 없음
8890,실화 성생활의 고백,평점 항목 없음
8891,싱글녀의 av배우 특집,평점 항목 없음
8892,아기호랑이 루나의 대모험,평점 항목 없음
8893,아내를 요부로 만들기,평점 항목 없음
8894,아내에겐 할 수 없는 일-화장실,평점 항목 없음
8895,아내의 강제섹스,평점 항목 없음
8896,아내의 남자,평점 항목 없음
8897,아내의 능욕-강제정사,평점 항목 없음
8898,아내의 불륜2,평점 항목 없음
8899,아내의 불륜2 무삭제판,평점 항목 없음
8900,아내의 불륜남 - 그놈,평점 항목 없음
8901,아내의 생생한 불륜남,평점 항목 없음
8902,아내의 스폰서,평점 항목 없음
8903,아내의 여자선배,평점 항목 없음
8904,아내의 외도,평점 항목 없음
8905,아내의 원초적 본능,평점 항목 없음
8906,아내의 자위,평점 항목 없음
8907,아내의 젖은 블라우스,평점 항목 없음
8908,아내의 젖은 신음,평점 항목 없음
8909,아사미 유마의 복상사,평점 항목 없음
8910,아스모덱시아,평점 및 리뷰 없음
8911,아이언걸2 - 얼티메이트 웨폰,평점 항목 없음
8912,아주버님의 친절한 손놀림,평점 항목 없음
8913,아찔한 욕정녀들,평점 항목 없음
8914,아키하바라 리얼 노예카페,평점 항목 없음
8916,아포칼립스: 지하세계,평점 및 리뷰 없음
8917,악령의 재림,평점 및 리뷰 없음
8920,안드로이드 캅,평점 항목 없음
8921,알바녀 가슴 조이기,평점 항목 없음
8923,암캐들의 정사 - 유부녀,평점 항목 없음
8924,애니멀즈,평점 항목 없음
8925,애욕 인질이 된 유부녀,평점 항목 없음
8926,애인뱅크,평점 항목 없음
8927,애정의 사쿠라,평점 항목 없음
8928,애정중독,평점 및 리뷰 없음
8929,애프터 에덴: 이브의 고백,평점 및 리뷰 없음
8931,야근 간호사 유혹하기,평점 항목 없음
8933,야외 거유의 유혹,평점 항목 없음
8934,야쿠자: 암흑가의 전쟁,평점 및 리뷰 없음
8935,야쿠자의 여자,평점 항목 없음
8936,야쿠자의 여자: 은밀한 유혹,평점 항목 없음
8937,야한 목소리-쏠리네,평점 항목 없음
8938,야한 체온-백의의천사,평점 항목 없음
8939,어디까지 해봤니-유부녀,평점 항목 없음
8940,어린 형수 2,평점 항목 없음
8945,언니들의 속사정: 탐욕의 길,평점 항목 없음
8946,언케이지드,평점 및 리뷰 없음
8948,엄딸,평점 항목 없음
8949,엄마 친구: 사랑하고 싶은 여자 무삭제판,평점 항목 없음
8950,엄마의 연인은 내남친,평점 항목 없음
8951,엄마친구(무삭제판),평점 항목 없음
8952,엄마친구2 무삭제,평점 항목 없음
8954,에리카의 극장괴담,평점 항목 없음
8956,에이리언: 버뮤다 삼각지대,평점 항목 없음
8958,에이컵 친구 아내 - 남편 오기 전에,평점 항목 없음
8961,엘리미네이터,평점 항목 없음
8962,여간호사의 쾌감,평점 항목 없음
8963,여감옥의 교도관 - 꿀잼,평점 항목 없음
8964,여대생의 새로운 경험,평점 및 리뷰 없음
8965,여배우의 실제정사,평점 항목 없음
8967,여변호사 - 굴욕법정,평점 항목 없음
8968,여비서 : 흥분되는 사무실 섹스,평점 항목 없음
8969,여사진작가와 남자모델,평점 항목 없음
8970,여의사의 맛있는 진료,평점 항목 없음
8971,여의사의 섹스치료,평점 항목 없음
8972,여인의 숙명 - 야쿠자의 여자,평점 항목 없음
8973,여자교환섹스,평점 항목 없음
8974,여자의 무기 - 야쿠자의 여자,평점 항목 없음
8975,여자화장실의 야릇한 밀실,평점 항목 없음
8976,여직원들 : 직장연애사 무삭제판,평점 항목 없음
8977,여직원의 진공흡입,평점 항목 없음
8978,여친과 여친동생 - 돌려막기,평점 항목 없음
8979,여형사의 은밀한 수사,평점 항목 없음
8980,연애사기:알몸으로 말해요,평점 항목 없음
8981,연하남 마사지사와의 비밀,평점 항목 없음
8982,영업사원: 5시부터 2차영업,평점 항목 없음
8983,옆집 여자: 처음엔 거부 나증엔 신음,평점 항목 없음
8984,옆집 유부녀 - 은밀한 유혹,평점 항목 없음
8985,옆집남자: 내 아내를 탐하다,평점 항목 없음
8986,옆집새댁,평점 항목 없음
8987,예쁜 여자가 섹스도 잘해,평점 항목 없음
8988,오늘밤은 녹여줄께-불륜,평점 항목 없음
8989,오두막 살인사건,평점 및 리뷰 없음
8990,오르가즘이 좋아서 - 아줌마,평점 항목 없음
8991,오빠와 사랑하는 밤,평점 항목 없음
8992,오사마 좀비,평점 항목 없음
8993,오오바 유이의 고민상담,평점 항목 없음
8995,오픈 그레이브,평점 및 리뷰 없음
8998,와일드라이크,평점 및 리뷰 없음
8999,완숙 엄마: 아버지의 여자,평점 항목 없음
9000,완숙 엄마: 아버지의 여자 (무삭제),평점 항목 없음
9001,왕창 터진 거유미망인,평점 항목 없음
9002,외도(무삭제판),평점 항목 없음
9004,외출 무삭제,평점 항목 없음
9005,요즘 신혼녀의 유행은,평점 항목 없음
9006,욕구불만 유부녀의 장난감,평점 항목 없음
9007,욕망의 젊은 도우미,평점 항목 없음
9008,욕정 터진 도우미들,평점 항목 없음
9009,욕정의 기모노 정사,평점 항목 없음
9010,욕정의 훔쳐보기,평점 항목 없음
9012,용주골-무삭제판,평점 항목 없음
9014,우연히 만난 내 소꿉친구,평점 항목 없음
9015,우주 전쟁 : 지구대침공,평점 항목 없음
9017,운명의 시작 - 야쿠자의 여자,평점 항목 없음
9019,웅덩이의 두 사람,평점 항목 없음
9025,월세부인,평점 항목 없음
9027,위험한 섹스: 아야노의 불륜,평점 항목 없음
9029,위험한 중독 무삭제판,평점 항목 없음
9030,유부녀 - 남편 외출중,평점 항목 없음
9031,유부녀 가정부의 정사,평점 항목 없음
9032,유부녀 만남 사이트,평점 항목 없음
9033,유부녀 매춘 실제상황,평점 항목 없음
9034,유부녀 성노예생활,평점 항목 없음
9035,유부녀 여사원 - 성희롱,평점 항목 없음
9036,유부녀 육즙의 파티,평점 항목 없음
9037,유부녀 정사 시승식,평점 항목 없음
9038,유부녀들(무삭제),평점 항목 없음
9039,유부녀들:쾌락 스와핑,평점 항목 없음
9040,유부녀와 불기둥,평점 항목 없음
9041,유부녀의 각성 - 수치심,평점 항목 없음
9042,유부녀의 위험한 알바-위층 남자와,평점 항목 없음
9043,유부녀의 음담패설-실화,평점 항목 없음
9044,유부녀의 하얀 속살,평점 항목 없음
9045,유부녀의 허벅지 사이,평점 항목 없음
9046,유혹 : 내 아내의 비밀,평점 항목 없음
9047,유혹당한 아내 - 들이대,평점 항목 없음
9048,유혹은 폭풍속으로,평점 항목 없음
9049,육감적 허벅지 - 젊다,평점 항목 없음
9050,육식녀 초식남 강간사건,평점 항목 없음
9051,육체가 아는 관계,평점 항목 없음
9052,육체관계,평점 항목 없음
9053,육체의 결합 - 100일의 사랑,평점 항목 없음
9054,육체의 낙원-몸정,평점 항목 없음
9055,육체잠입-섹스파일,평점 항목 없음
9056,은밀한 정사,평점 및 리뷰 없음
9057,음란 걸작의 탄생 실화,평점 항목 없음
9058,음란 과외,평점 항목 없음
9059,음란 사육일기,평점 항목 없음
9060,음란 선비,평점 항목 없음
9061,음란 하숙집의 서비스,평점 항목 없음
9062,음란부인의 쾌락,평점 항목 없음
9063,음란하게 음탕하게,평점 항목 없음
9064,음란한 가정교사: 쓰리섬,평점 항목 없음
9065,음란한 그녀의 하반신,평점 항목 없음
9066,음란한 꽃의 여름,평점 항목 없음
9067,음란한 너만을 생각해,평점 항목 없음
9068,음란한 앵글 무삭제판,평점 항목 없음
9069,음란한 영어강사,평점 항목 없음
9070,음란한 요부와 전남친,평점 항목 없음
9071,음란한 채무 - 목소리,평점 항목 없음
9072,음탕한 성욕유부녀,평점 항목 없음
9073,음탕한 아내: 남자의 맛,평점 항목 없음
9074,음탕한 아내와 사랑할때,평점 항목 없음
9075,음탕한 여대생 기숙사,평점 항목 없음
9076,음탕한 유부녀의 수첩,평점 항목 없음
9077,의사와 간호사 불륜,평점 항목 없음
9078,이별의 순간 마지막 섹스,평점 항목 없음
9079,이쁜 아내를 빌려드려요,평점 항목 없음
9080,이쁜 아내를 탐하는자,평점 항목 없음
9081,이상한 가족,평점 항목 없음
9085,이혼의 조건,평점 항목 없음
9087,익스펜더블 에셋,평점 항목 없음
9088,인류 멸종 - 좀비 바이러스,평점 및 리뷰 없음
9090,인테로게이션,평점 및 리뷰 없음
9091,인투 더 다크,평점 항목 없음
9092,인트루더: 낯선 침입자,평점 항목 없음
9094,일본 막장 불륜 호텔,평점 항목 없음
9095,일본 여대생 기숙사,평점 항목 없음
9096,일본 온천 여행기,평점 항목 없음
9097,일본 춘화도 - 창녀의 몸매,평점 항목 없음
9098,잃어버린 세계를 찾아 2015,평점 항목 없음
9100,임베디드,평점 항목 없음
9101,자세가 좋은 형수님,평점 항목 없음
9102,자유부인 2017,평점 항목 없음
9103,자유연애시대 무삭제 특별판,평점 항목 없음
9105,전남친에게 성희롱,평점 항목 없음
9106,전라의 아내를 찍은 상사,평점 항목 없음
9107,전쟁과 관능,평점 항목 없음
9108,전쟁의 신,평점 항목 없음
9109,전직 스튜어디스: 하네다 리코,평점 항목 없음
9110,전철 쾌락여행,평점 항목 없음
9111,절대거유의 노출증,평점 항목 없음
9112,절대복종-가녀린 몸매,평점 항목 없음
9113,절세부인의 사랑,평점 항목 없음
9114,절정쾌속열차 - 손놀림,평점 항목 없음
9115,젊은 과부의 욕정,평점 항목 없음
9116,젊은 미망인의 욕정,평점 항목 없음
9117,젊은 새댁 다른남자와,평점 항목 없음
9118,젊은 새엄마,평점 항목 없음
9119,젊은 아줌마 맛보기,평점 항목 없음
9120,젊은 아줌마는 음란하다,평점 항목 없음
9121,젊은 엄마들: 여자가 되는 날,평점 항목 없음
9122,젊은 여형사의 섹스수사,평점 항목 없음
9123,젊은 육체의 향연,평점 항목 없음
9124,젊은 이모들: 여자가 되는 날,평점 항목 없음
9125,젊은 이모들: 여자가 되는 날 무삭제판,평점 항목 없음
9126,젊은 제수씨 무삭제판,평점 항목 없음
9127,젊은 처형(무삭제),평점 항목 없음
9128,젊은 형수 무삭제,평점 항목 없음
9129,젊은 형수: 참을수 없는 날,평점 항목 없음
9130,젊은 형수: 참을수 없는 날 무삭제판,평점 항목 없음
9131,젊은 형수: 홍콩 가는 날,평점 항목 없음
9132,젊은 화가의 오디션,평점 항목 없음
9133,정사 : 결혼 말고 연애 무삭제,평점 항목 없음
9134,정사2015,평점 항목 없음
9135,정사: 친구 딸의 남자친구,평점 항목 없음
9136,젖은 새신부의 유혹,평점 항목 없음
9137,젖은 속옷에 비친 가슴,평점 항목 없음
9138,젖은 스커트의 부인,평점 항목 없음
9139,젖은 유니폼의 병원,평점 항목 없음
9140,젖은 육체의 속삭임,평점 항목 없음
9141,제4구역: 컨테인먼트,평점 및 리뷰 없음
9142,제부와 갑작스런 불륜,평점 항목 없음
9143,제수씨와의 맛있는 섹스,평점 항목 없음
9144,제아내를 소개합니다,평점 항목 없음
9145,제자의 육체 노출,평점 항목 없음
9147,좀비 : 새벽의 저주,평점 항목 없음
9148,좀비 나이트,평점 항목 없음
9149,좀비드럭,평점 및 리뷰 없음
9150,좀비들의 섬 - 데드 시즌,평점 및 리뷰 없음
9151,좀비버,평점 항목 없음
9153,주인님이라 그러지마,평점 항목 없음
9154,주택집 처녀의 젖어 드는 하숙집,평점 항목 없음
9155,죽어도 좋아-유부녀,평점 항목 없음
9156,죽을정도로 느끼게 해줘,평점 항목 없음
9160,줄루 범죄도시,평점 항목 없음
9161,중년남과 고양이 여인의 동거,평점 항목 없음
9166,지하실,평점 항목 없음
9167,질퍽한 유부녀의 육체,평점 항목 없음
9168,짓2: 붉은 낙타 무삭제판,평점 항목 없음
9169,쫄깃한 양다리정사,평점 항목 없음
9170,착한 누나,평점 항목 없음
9171,착한 여자들: C컵 이상,평점 항목 없음
9172,참을 수 없는 엉덩이,평점 항목 없음
9173,책상 밑의 비서 생활,평점 항목 없음
9176,처제의 꿈-무삭제,평점 항목 없음
9177,처제의 도발,평점 항목 없음
9178,천녀유혹 - 꿈같은 밤,평점 항목 없음
9179,첫경험만 8번째,평점 및 리뷰 없음
9180,청순한 그녀: 육체관계,평점 항목 없음
9181,청순한 아내의 밤,평점 항목 없음
9182,초대박 거유여상사,평점 항목 없음
9184,최고의 하숙집 - 여주인의 밤,평점 항목 없음
9185,최면섹스-상담테크닉,평점 항목 없음
9186,추천 극상 오일마사지,평점 항목 없음
9187,출근길: 남자들의 애무,평점 항목 없음
9188,치명적 몸부림,평점 항목 없음
9189,치명적 유혹 - 야쿠자의 여자,평점 항목 없음
9190,치욕과 욕정에 빠지다,평점 항목 없음
9192,치한열차 2015,평점 항목 없음
9193,치한전철-손가락의 온도,평점 항목 없음
9194,치한전철: 예쁜 여자만 노린다,평점 항목 없음
9195,치히로의 섹스 게임,평점 항목 없음
9196,친구 엄마,평점 항목 없음
9197,친구 엄마: 여자가 되던 날,평점 항목 없음
9198,친구아내와의 맛있는 불륜,평점 항목 없음
9199,친구엄마: 사랑이 필요해,평점 항목 없음
9200,친구엄마: 여자로 보일 때 (무삭제),평점 항목 없음
9201,친구엄마: 은밀한 유혹 무삭제판,평점 항목 없음
9202,친절한 하숙집,평점 항목 없음
9204,카페 알바와의 정사,평점 항목 없음
9207,캠퍼스 오바마 전쟁,평점 및 리뷰 없음
9214,쾌감 에로수행,평점 항목 없음
9215,쾌락열차-현란한 손가락,평점 항목 없음
9217,쿠치의 여름,평점 항목 없음
9220,크롬스컬: 레이드 투 레스트 2,평점 항목 없음
9222,클라리티,평점 항목 없음
9223,클로즈 레인지,평점 및 리뷰 없음
9226,킹: 잃어버린 세계,평점 및 리뷰 없음
9227,타락하는 여상사,평점 항목 없음
9228,타락한 부인 - 흥분만점,평점 항목 없음
9229,타부-새누나 무삭제,평점 항목 없음
9231,타투이스트,평점 항목 없음
9233,탐정사무소-그놈의 얼굴 무삭제판,평점 항목 없음
9234,태양을 쏴라 무삭제판,평점 항목 없음
9236,터널: 다크니스 디센딩,평점 항목 없음
9237,터미너스: 인류 멸망의 시작,평점 및 리뷰 없음
9238,터져버린 마사지 부인,평점 항목 없음
9239,터질듯한 거유 신혼녀,평점 항목 없음
9240,테니스 부인과 카메라맨,평점 항목 없음
9241,텐프로 : 뉴페이스,평점 항목 없음
9242,토니 탱고,평점 및 리뷰 없음
9243,투큰,평점 및 리뷰 없음
9244,트럭걸 사야,평점 항목 없음
9245,특별수사대,평점 및 리뷰 없음
9246,특별한 맛 - 미시女(녀),평점 항목 없음
9249,파도 여인 그리고 탱고,평점 항목 없음
9251,파칭코 엔젤: 복수의 정사,평점 항목 없음
9252,파칭코 엔젤: 은밀한 밀회,평점 항목 없음
9253,퍼펙트 크라임,평점 항목 없음
9256,포장마차-무삭제판,평점 항목 없음
9258,폭유 여관주인님,평점 항목 없음
9259,폭유! 가정교사,평점 항목 없음
9260,폭유녀의 가면정사,평점 항목 없음
9261,폴터가이스트 액티비티,평점 및 리뷰 없음
9262,프레셔,평점 항목 없음
9263,프레지던트 테러 라이브,평점 항목 없음
9264,플레이스 인 헬,평점 항목 없음
9266,피라냐콘다,평점 항목 없음
9267,피서지의 가정교사,평점 항목 없음
9268,피서지의 미인 유부녀,평점 항목 없음
9269,피아노 정사 레슨 - 불륜,평점 항목 없음
9270,피해자,평점 항목 없음
9271,필드오브데드,평점 및 리뷰 없음
9273,하녀-기모노 섹스,평점 항목 없음
9274,하녀: 에나미,평점 항목 없음
9275,하드코어 미망인,평점 항목 없음
9276,하숙집 무삭제,평점 항목 없음
9277,하숙집-미모의 여주인,평점 항목 없음
9278,하오의 음몽 무삭제판,평점 항목 없음
9279,학부형과 이성을 잃을때,평점 항목 없음
9280,한잔 술과 전라 정사,평점 항목 없음
9281,핫섹토크 무삭제 감독판,평점 항목 없음
9282,해적: 위대한 영웅,평점 및 리뷰 없음
9284,헌팅 인 살렘: 악령의 마을,평점 항목 없음
9286,헨젤과 그레텔 2,평점 항목 없음
9287,헬릭스,평점 항목 없음
9288,현역 여대생의 실화,평점 항목 없음
9289,형님 아내 2 - 사모님과 경호원 - 감독판,평점 항목 없음
9290,형수의 젖은 오후,평점 항목 없음
9291,호수괴물,평점 항목 없음
9293,혼전 여직원의 연예,평점 항목 없음
9294,환자의 욕정풀기 - 간호사,평점 항목 없음
9296,훔쳐보는 옆집 거유녀,평점 항목 없음
9299,흉가괴담,평점 및 리뷰 없음
9301,흔들리는 떡국버스 무삭제판,평점 항목 없음
9302,흔들리며 젖는 열차,평점 항목 없음
9303,흡족한 밤 - 마술과 섹스,평점 항목 없음
9307,히비키의 도신,평점 항목 없음
9308,히트맨 인 런던,평점 및 리뷰 없음
9309,히트맨: 앱솔루션,평점 항목 없음
9310,힙스터: 안개의 덫,평점 항목 없음
9321,동경가족,평점 항목 없음
9333,산타바바라,평점 항목 없음
9345,어둠 속의 빛,평점 항목 없음
9349,일 트로바토레,평점 항목 없음
9355,크레이지 호스,평점 항목 없음
9382,논스톱,평점 항목 없음
9383,인투 더 스톰,평점 항목 없음
9398,해무(海霧),평점 항목 없음
9442,캐치미,평점 항목 없음
9456,레드카펫,평점 항목 없음
9462,오큘러스,평점 항목 없음
9463,언브로큰,평점 항목 없음
9469,비행기,평점 항목 없음
9487,더 퍼지,평점 항목 없음
9517,정글히어로,평점 및 리뷰 없음
9537,세이프 헤이븐,평점 항목 없음
9561,디스커넥트,평점 항목 없음
9568,그랜드 피아노,평점 항목 없음
9586,미스터 노바디,평점 항목 없음
9590,베이트,평점 항목 없음
9611,세이빙 미스터 뱅크스,평점 항목 없음
9634,신화 라이브 3D 더 레전드 컨티뉴스,평점 항목 없음
9635,두 아내,평점 항목 없음
9652,"가자, 장미여관으로",평점 항목 없음
9654,마녀,평점 항목 없음
9655,원 오브 어 카인드 3D ; G-DRAGON 2013 1ST WORLD TOUR,평점 항목 없음
9661,코멧,평점 항목 없음
9670,페인리스,평점 항목 없음
9673,파커,평점 항목 없음
9692,극장판 마법소녀 마도카 마기카(전편): 시작의 이야기,평점 항목 없음
9700,흑협,평점 항목 없음
9701,극장판 마법소녀 마도카 마기카(후편): 영원의 이야기,평점 항목 없음
9704,버터 러버,평점 항목 없음
9709,맛있는 사랑공식-섹스,평점 항목 없음
9714,전망 좋은 하우스 - 관음적 욕망,평점 항목 없음
9721,오르가즘,평점 항목 없음
9725,사대명포,평점 항목 없음
9730,더 체이스,평점 항목 없음
9731,정사2013,평점 및 리뷰 없음
9736,내부고발자,평점 항목 없음
9742,스티븐 시걸의 비밀경찰,평점 항목 없음
9747,타인의 아내를 사랑하다,평점 및 리뷰 없음
9748,맛,평점 항목 없음
9756,포르노 아티스트,평점 및 리뷰 없음
9765,은밀하게 위대하게 (확장판),평점 항목 없음
9773,거짓말 섹스가 좋아2,평점 항목 없음
9787,붉은 가족,평점 항목 없음
9794,옹녀뎐,평점 항목 없음
9800,더 덴,평점 항목 없음
9801,영춘권 무림 절대 고수,평점 항목 없음
9803,가자! 장미여관으로 2 - 갈증,평점 항목 없음
9804,넥스트 제네레이션 패트레이버,평점 항목 없음
9810,테르마이 로마이,평점 항목 없음
9812,위기의 여자,평점 항목 없음
9826,엽문4: 종극일전,평점 및 리뷰 없음
9830,슈퍼쇼 4 3D,평점 항목 없음
9848,잔다라: 더 비기닝,평점 항목 없음
9889,그랜드 센트럴,평점 항목 없음
9896,변태 가면,평점 항목 없음
9904,괴테스쿨의 사고뭉치들,평점 항목 없음
9905,오토마타,평점 항목 없음
9914,친구의 아내를 탐하다,평점 및 리뷰 없음
9916,스티븐 시걸의 리벤지,평점 및 리뷰 없음
9933,홈프론트-하드액션,평점 항목 없음
9935,체온 – 그녀의 온도,평점 항목 없음
9936,비밀과외,평점 항목 없음
9938,멤피스,평점 항목 없음
9946,열애,평점 항목 없음
9951,더 패키지: 일급비밀,평점 항목 없음
9970,가자! 장미여관으로 3 - 방황,평점 항목 없음
9992,개인교수 2014,평점 및 리뷰 없음
9999,대마술사,평점 및 리뷰 없음
10000,랑랑 라이브 인 런던,평점 항목 없음
10014,나는 야한 여자가 좋다 2,평점 항목 없음
10019,떡,평점 항목 없음
10022,더 이클립스,평점 항목 없음
10024,존 라베 : 난징 대학살,평점 항목 없음
10026,글래디에이터: 로마 영웅 탄생의 비밀 3D 확장 감독판,평점 항목 없음
10029,뽕2014,평점 항목 없음
10050,영자의 전성시대,평점 항목 없음
10052,거짓말 2014,평점 항목 없음
10055,일 트로바토레,평점 항목 없음
10063,나는 야한 여자가 좋다 3,평점 항목 없음
10079,전망 좋은 하우스 - 맛있는 섹스,평점 항목 없음
10085,마린스키 발레 지젤 3D,평점 항목 없음
10087,노랑머리 - 플라스틱 섹스,평점 항목 없음
10091,공각기동대 S.A.C - Solid State Society,평점 항목 없음
10104,포스터,평점 항목 없음
10120,착한 여자,평점 항목 없음
10142,하숙집,평점 항목 없음
10143,모던발레 채플린,평점 항목 없음
10151,히든 페이스,평점 항목 없음
10157,여자의 정사,평점 및 리뷰 없음
10163,에반게리온 : 서(序),평점 항목 없음
10174,파르지팔,평점 항목 없음
10177,아라벨라,평점 항목 없음
10180,열애,평점 항목 없음
10182,트랜스포머,평점 항목 없음
10185,미궁: 비밀애,평점 항목 없음
10193,불륜의 맛,평점 항목 없음
10196,이주일의 리빠동 사장,평점 항목 없음
10203,카프리치오,평점 항목 없음
10205,보호자,평점 항목 없음
10212,오페라-카르멘(메트로폴리탄),평점 항목 없음
10216,사육-내안에 가둔 그녀,평점 항목 없음
10219,변종샤크,평점 항목 없음
10222,오페라-투란도트(메트로폴리탄),평점 항목 없음
10227,존은 끝에 가서 죽는다,평점 항목 없음
10231,다이노슈퍼게이터,평점 항목 없음
10234,정사: 위험한 성적유희,평점 항목 없음
10243,수호지: 명포배선,평점 항목 없음
10259,페인트볼,평점 항목 없음
10260,스트릿 오브 블러드,평점 항목 없음
10262,창(노는계집 창),평점 항목 없음
10290,내 아내의 남자친구,평점 항목 없음
10292,아들의 자리,평점 항목 없음
10293,도서관 전쟁,평점 항목 없음
10297,우리 엄마는 돌리파튼,평점 및 리뷰 없음
10299,불륜의 맛,평점 항목 없음
10314,엄마의 유산,평점 항목 없음
10315,마리 앙투아네트,평점 항목 없음
10316,극장판 파이널,평점 항목 없음
10319,화엄경,평점 항목 없음
10323,몽정애-꿈 속의 여인,평점 항목 없음
10335,두 번째 엄마,평점 항목 없음
10336,소명 3 : 히말라야의 슈바이처,평점 항목 없음
10339,밀레니엄 제 1부 : 여자를 증오한 남자들,평점 항목 없음
10343,익스트림 스키야키,평점 및 리뷰 없음
10350,치한열차,평점 항목 없음
10355,위자료,평점 항목 없음
10356,관음 - 욕망의 유희,평점 항목 없음
10364,불량변호사,평점 및 리뷰 없음
10365,불륜섹스,평점 항목 없음
10372,언노운 어택,평점 및 리뷰 없음
10374,오페라-호프만의 이야기,평점 항목 없음
10377,컴다운,평점 항목 없음
10380,보디 더블,평점 항목 없음
10394,팝 리뎀션,평점 항목 없음
10396,데이 앤 나이트,평점 항목 없음
10407,친절한 가정부,평점 항목 없음
10410,스페어,평점 항목 없음
10412,라운드 업,평점 항목 없음
10428,섹슈얼 어드벤쳐,평점 및 리뷰 없음
10432,코드 레드,평점 항목 없음
10433,OL의 성,평점 항목 없음
10434,미요리의 숲,평점 항목 없음
10436,숨바꼭질 : 극장판 - 도시전설,평점 항목 없음
10437,우리들의 격정,평점 항목 없음
10445,오오키가의 즐거운 여행 : 신혼지옥편,평점 항목 없음
10446,음란한 하숙집 여주인,평점 항목 없음
10451,밤의 여인 1%의 섹스,평점 항목 없음
10454,마이너클럽,평점 및 리뷰 없음
10464,힐링메이트,평점 항목 없음
10467,맛있는 섹스 그리고 환상의 여인,평점 항목 없음
10468,욕망의 하녀,평점 항목 없음
10471,당시,평점 항목 없음
10472,스패로우,평점 항목 없음
10475,관능소설 -포르노그라피아 무삭제판,평점 항목 없음
10476,살인게임 무삭제판,평점 항목 없음
10477,탄트라 섹스 무삭제판,평점 항목 없음
10482,어딕션,평점 항목 없음
10483,배틀독,평점 항목 없음
10486,안드레아 보첼리: 러브 인 포르토피노,평점 항목 없음
10487,여의사: 욕망의 진료실,평점 항목 없음
10493,두 사람,평점 항목 없음
10497,노마드 더 비기닝,평점 및 리뷰 없음
10500,도터,평점 항목 없음
10500,도터,평점 항목 없음
10505,스트리퍼 VS 늑대인간,평점 및 리뷰 없음
10506,써커,평점 항목 없음
10507,유니온 스퀘어,평점 항목 없음
10511,V/H/S/2: 악마를 부르는 비디오,평점 및 리뷰 없음
10515,사랑의 묘약,평점 항목 없음
10516,나츠,평점 항목 없음
10518,이불,평점 항목 없음
10519,쾌락지구 2,평점 및 리뷰 없음
10520,흑역사,평점 항목 없음
10522,미션 임파서블,평점 항목 없음
10523,블루스 브라더스,평점 항목 없음
10535,예언자,평점 항목 없음
10545,다니엘 바렌보임과 서동시집 오케스트라,평점 항목 없음
10551,에일리언 인베이젼,평점 항목 없음
10553,플라스틱 섹스,평점 항목 없음
10561,넬리 앤 아르노,평점 및 리뷰 없음
10565,H컵 젊은 과부의 짜릿한 컴백,평점 항목 없음
10568,아내의 비밀욕정 1 : 애욕,평점 항목 없음
10569,아내의 비밀욕정 2 : 밀애,평점 항목 없음
10570,임신하고 싶은 새댁의 음란한 정사,평점 항목 없음
10571,젖은 팬티의 은밀한 유혹,평점 항목 없음
10572,참을 수 없는 이미지 섹스,평점 항목 없음
10574,화끈하게 주는 젊은 애인,평점 항목 없음
10578,마이 베스트 프렌드,평점 항목 없음
10580,13 이어리,평점 및 리뷰 없음
10581,3억원에 낙찰된 여자,평점 항목 없음
10583,가슴 사무라이-이단의 역습,평점 항목 없음
10584,감금의 제국,평점 항목 없음
10585,거유 치한극장,평점 항목 없음
10587,게이샤의 격정,평점 항목 없음
10588,관능소설-색의 절정,평점 항목 없음
10589,관능소설2-애증,평점 항목 없음
10590,그녀들의 사생활,평점 항목 없음
10591,그녀의 애걸사항,평점 항목 없음
10592,그녀의 은밀한 향기,평점 항목 없음
10593,금단의 과외실습,평점 항목 없음
10594,금단의 꽃: 수치심,평점 항목 없음
10595,꽃새장여인 : 네코짱,평점 항목 없음
10596,꽃잎의 기모노부인,평점 항목 없음
10597,끝장난 간호사-변태 간호 실습,평점 항목 없음
10599,낮과 밤-넘버 원,평점 항목 없음
10600,너에게 가르치는 사랑-욕정,평점 항목 없음
10602,노리개 강사 히카루,평점 항목 없음
10603,노리개 사모님-첫절정,평점 항목 없음
10605,다리사이 여신강림,평점 항목 없음
10606,달콤한 애인 계약서,평점 항목 없음
10607,달콤한 애인 계약서 2,평점 항목 없음
10608,더 챔프: 분노의 주먹,평점 항목 없음
10610,도쿄 엘리베이터걸,평점 항목 없음
10611,도쿄 파이브 걸,평점 항목 없음
10612,돌싱녀의 성접대의혹,평점 항목 없음
10613,두 번째 불륜 프리섹스 선언!,평점 항목 없음
10614,뜨거운 온천장의 정사,평점 항목 없음
10617,루이의 성감 클리닉,평점 항목 없음
10618,마리아가 속삭이는 이유,평점 항목 없음
10619,마리의 카타르시스,평점 항목 없음
10620,마이 와이프의 은밀한 제안,평점 항목 없음
10621,막장! 마에다 가문의 정사,평점 항목 없음
10622,만원버스 속 그녀,평점 항목 없음
10623,만져도 될까?-유부녀의 사랑,평점 항목 없음
10624,말리부 섹스파티,평점 및 리뷰 없음
10626,모모키야여관 포르노 촬영기,평점 항목 없음
10628,문열어! 요시미짱,평점 항목 없음
10629,미란다: 8요일의 여자,평점 항목 없음
10630,미사의 앞치마정사,평점 항목 없음
10631,미스 메도우,평점 항목 없음
10632,바나나 온천정사,평점 항목 없음
10635,범죄도시,평점 항목 없음
10636,베드(감독판),평점 항목 없음
10637,변태인간-시간여행,평점 항목 없음
10638,변태투명인간-팬티가 좋아,평점 항목 없음
10639,본능에 몸을 맡기고,평점 항목 없음
10641,불륜 드라마 같은 내 인생,평점 항목 없음
10642,불륜 온천 여행,평점 항목 없음
10643,불륜과 달콤한 애인,평점 항목 없음
10645,비밀: 아내의 남자,평점 항목 없음
10646,비키니 라멘걸,평점 항목 없음
10647,비키니 브레이크,평점 항목 없음
10648,빚잔치 2억-노리개의 시작,평점 항목 없음
10649,사랑밖엔 난몰라,평점 항목 없음
10650,사랑에 빠지면 알게 되는 것들,평점 항목 없음
10652,사케 불륜정사,평점 항목 없음
10653,색정여왕게임-너는 견딜수 있을까?,평점 항목 없음
10655,선배 애인의 유혹,평점 항목 없음
10656,성인돌 양성강좌,평점 항목 없음
10657,성인돌의 향기,평점 항목 없음
10658,섹시바의 비밀,평점 항목 없음
10659,속옷 입기 싫어하는 유이,평점 항목 없음
10660,순수의 신부 2-그녀의 고민,평점 항목 없음
10661,순수의 신부-우리 신랑은,평점 항목 없음
10662,신입사원 간보기,평점 항목 없음
10663,신입사원 세츠코,평점 항목 없음
10664,신입여직원의 속옷,평점 항목 없음
10666,실화!정말있었던이야기,평점 항목 없음
10667,썸타는 시호부인,평점 항목 없음
10668,아내는 음란한 꽃,평점 항목 없음
10669,아내들의 즐거운 알바,평점 항목 없음
10670,아내의 이상한 요구,평점 항목 없음
10674,야한수영클럽,평점 항목 없음
10676,에바-최종병기유이,평점 항목 없음
10677,연예계섹스스캔들 - 일본,평점 항목 없음
10678,옆집 남편과의 밀애,평점 항목 없음
10679,오늘밤 어때? 쾌락병동,평점 항목 없음
10680,온천탕 애욕정사,평점 항목 없음
10682,왕게임 - 58일후 전편,평점 항목 없음
10683,왕게임-48일후 전편,평점 항목 없음
10684,왕게임-48일후 후편,평점 항목 없음
10689,위기의 유부녀들 - 남편 후배와,평점 항목 없음
10690,위기의 유부녀들 2 - 남편의 취미,평점 항목 없음
10691,위기의 유부녀들 3 - 옆집 남편과,평점 항목 없음
10692,위기의 유부녀들 4 -남편을 빼앗기다,평점 항목 없음
10693,위기의 유부녀들 5- 남편의 정체,평점 항목 없음
10694,유부녀의 상상간음,평점 항목 없음
10695,유우나의 부드러운 사랑,평점 항목 없음
10697,유혹의 노출클럽,평점 항목 없음
10698,음란한 꽃들의 정사,평점 항목 없음
10699,음란한 비밀고백,평점 항목 없음
10702,재팬 와이프의 침대,평점 항목 없음
10703,전망좋은 빌라,평점 항목 없음
10704,절정의 훔쳐보기,평점 항목 없음
10705,젊은 아내는 음란하다,평점 항목 없음
10706,조교부부교실,평점 항목 없음
10707,조교신세계,평점 항목 없음
10708,조금 더운 여름밤-불륜,평점 항목 없음
10709,진격의 애인 감독판,평점 항목 없음
10710,찬란한 동거생활-상속남과 유부녀,평점 항목 없음
10711,찬란한 동거생활2-마성의 여자들,평점 항목 없음
10712,찬란한 동거생활3-불륜과 진실의 섹스,평점 항목 없음
10713,찬란한 동거생활4-사랑과 욕망의 여행,평점 항목 없음
10714,첫 동거를 시작할 때,평점 항목 없음
10715,초왕가슴 미녀의 고민,평점 항목 없음
10716,충격! 변태커플,평점 항목 없음
10717,츠보미의 아로마 오일마사지,평점 항목 없음
10719,치한조교-아야의 여행,평점 항목 없음
10721,캐치헬,평점 항목 없음
10722,캠퍼스 베이글녀,평점 항목 없음
10727,키스보다 야한 욕정,평점 항목 없음
10728,타락천사 케이코,평점 항목 없음
10729,탈의실습격사건,평점 항목 없음
10730,탐스러운 선생님의 향기,평점 항목 없음
10733,편의점 알바생의 정사,평점 항목 없음
10734,편의점 여알바,평점 항목 없음
10735,폭유! 과격한 관계,평점 항목 없음
10736,한밤의 사무실정사,평점 항목 없음
10739,후배의 뜨거운 사랑,평점 항목 없음
10742,슬립타이트,평점 항목 없음
10743,1850 길로틴 트레지디,평점 항목 없음
10747,도쿄 하숙집 여주인,평점 항목 없음
10752,블로그 섹스의 점수,평점 항목 없음
10754,스튜어디스 애처일기,평점 항목 없음
10756,아메리칸머슬,평점 및 리뷰 없음
10757,아포칼립스-엑스,평점 및 리뷰 없음
10758,야한 부인의 유혹,평점 항목 없음
10763,욕망의 트라이앵글,평점 항목 없음
10765,원장이 오기전에-그놈의 협박,평점 항목 없음
10766,육체도박,평점 항목 없음
10769,젊은 유부녀의 과거,평점 항목 없음
10770,죽음의 게임: 네이키드 워리어,평점 항목 없음
10771,지독한 동거-꿈속의 정사,평점 항목 없음
10779,혼전 순결 여대생의 정사,평점 항목 없음
10789,친구의 아내를 탐하다 2,평점 및 리뷰 없음
10791,스티븐시걸의 굿맨,평점 항목 없음
10792,슬레이어,평점 항목 없음
10794,스티븐 시걸의 비밀요원,평점 및 리뷰 없음
10812,매미 그리고 여자,평점 항목 없음
10814,히치하이크,평점 항목 없음
10820,로우리스: 나쁜 영웅들,평점 항목 없음
10833,루르드,평점 항목 없음
10841,대탈옥,평점 항목 없음
10842,맛있는 섹스 - 인연,평점 항목 없음
10845,전망 좋은 방-맛있는 섹스,평점 항목 없음
10846,둘 하나 섹스,평점 항목 없음
10851,파라노말 액티비티,평점 항목 없음
10853,V/H/S:죽음을 부르는 비디오,평점 및 리뷰 없음
10859,꼬마 니콜라,평점 항목 없음
10864,고모라,평점 항목 없음
10875,아메리칸 오지,평점 항목 없음
10883,매직 마이크,평점 항목 없음
10891,저 높은 곳을 향하여,평점 항목 없음
10902,2014 지구 최후의 날,평점 항목 없음
10903,I AM,평점 항목 없음
10904,겟코가면,평점 항목 없음
10908,그녀는 불륜매니아,평점 항목 없음
10909,그녀의 비밀,평점 항목 없음
10910,그녀의 팬티스타킹,평점 항목 없음
10911,그놈은 벨을 두 번 울린다,평점 항목 없음
10913,그랜드 시덕션,평점 항목 없음
10914,나쁜 여자는 맛있다,평점 항목 없음
10915,노리코의 누드스케치,평점 항목 없음
10917,능욕 온천장의 오후,평점 항목 없음
10920,더블불륜,평점 항목 없음
10921,덤프걸의 섹스,평점 항목 없음
10922,도촬 유부녀의 정사,평점 항목 없음
10924,동급생과의 불륜,평점 항목 없음
10929,로또 간호사,평점 항목 없음
10931,마더스 데이,평점 항목 없음
10933,마지막 떡국열차,평점 항목 없음
10934,마지막 불륜,평점 항목 없음
10936,만원전철 속 그녀2,평점 항목 없음
10938,몸으로 갚을께,평점 항목 없음
10939,몸탐정,평점 항목 없음
10941,미나의 비밀 섹스,평점 항목 없음
10942,미조-못다한이야기(감독판),평점 항목 없음
10943,미츠에의 남친 고르기,평점 항목 없음
10946,배틀로얄 극악소년원,평점 항목 없음
10947,백일몽 금단의기억,평점 항목 없음
10952,불륜 현장,평점 항목 없음
10953,불륜의 다이어리,평점 항목 없음
10956,사쿠라-마지막 정사,평점 항목 없음
10959,소녀의 음란한 밀회,평점 항목 없음
10961,소울 오브 락,평점 및 리뷰 없음
10962,쇼킹잡 - 원스 어폰 어 포르노,평점 항목 없음
10968,신주쿠 에로스,평점 항목 없음
10971,알바생과의 불륜,평점 항목 없음
10972,애프터쇼크,평점 항목 없음
10975,양키 아이돌,평점 항목 없음
10976,어린 소녀의 비밀애,평점 항목 없음
10977,어린 에츠코의 고민,평점 항목 없음
10979,얼짱녀 어부,평점 항목 없음
10980,에리카의 애욕,평점 항목 없음
10983,여변호사 성희롱사건,평점 항목 없음
10984,오일 마사지샵의 비밀,평점 항목 없음
10985,온천장의 은밀한 정사,평점 항목 없음
10986,완전한 감금,평점 항목 없음
10987,요리사와의 불륜,평점 항목 없음
10988,요코의 짜릿한 상상,평점 항목 없음
10990,유부녀 감금일기,평점 항목 없음
10991,유부녀워칭-무삭제,평점 항목 없음
10992,은밀한 사육,평점 및 리뷰 없음
10993,음란한 밀회-이웃집 유부녀,평점 항목 없음
10994,일본범죄사 욕망의 구멍,평점 항목 없음
10995,일본범죄사 위조의쾌락,평점 항목 없음
10996,잃어버린 세계-지구 속으로,평점 항목 없음
10997,잭과 자이언트 킬러 2014,평점 및 리뷰 없음
10998,전망 좋은 차- 맛있는 섹스,평점 항목 없음
10999,정사의 시작,평점 항목 없음
11002,창녀의 성적유희,평점 항목 없음
11003,추격,평점 항목 없음
11004,충격! 번개 스와핑,평점 항목 없음
11005,치한전철 속 불륜,평점 항목 없음
11007,쾌락! 메이드로이드,평점 항목 없음
11010,클라우트로포비아: 폐소공포증,평점 항목 없음
11012,킹 켈리,평점 및 리뷰 없음
11013,타나토스,평점 항목 없음
11022,플레이어스,평점 항목 없음
11024,필링 인사이드,평점 항목 없음
11025,행방불명,평점 항목 없음
11027,호스트걸의 비밀섹스,평점 항목 없음
11028,호텔플라워즈,평점 항목 없음
11039,듀크,평점 항목 없음
11045,개와 늑대 사이의 시간,평점 및 리뷰 없음
11051,"금지된 섹스, 스와핑",평점 항목 없음
11052,기억하고 있다,평점 항목 없음
11060,어린 유부녀의 성적유희,평점 및 리뷰 없음
11062,탈옥의사 엔마,평점 항목 없음
11065,가자! 장미여관으로 3 - 방황 무삭제 감독판,평점 항목 없음
11067,두 번째 엄마 무삭제판,평점 항목 없음
11068,떡국열차의 비밀애,평점 항목 없음
11069,러브 모션,평점 항목 없음
11072,정사: 위험한 성적 유희 무삭제판,평점 항목 없음
11073,킹 오브 파이터,평점 항목 없음
11077,그 여름의 정사,평점 항목 없음
11082,가정부와의 불륜,평점 항목 없음
11084,교수님의 은밀한 강요,평점 항목 없음
11086,꽃과 뱀의 비밀정사,평점 및 리뷰 없음
11089,나는 야한 여자가 좋다 2 무삭제감독판,평점 항목 없음
11090,나는 야한 여자가 좋다 무삭제감독판,평점 항목 없음
11091,나오코의 신혼생활 백서,평점 항목 없음
11094,노리개 시즈카 부인,평점 항목 없음
11097,다락방의 비밀 무삭제판,평점 및 리뷰 없음
11102,두 자매의 섹스 다이어리,평점 항목 없음
11104,뜨겁게 젖은 사케의 비밀,평점 항목 없음
11106,러브 호텔 무삭제판,평점 항목 없음
11108,메이드하녀-금단의봉사,평점 항목 없음
11110,배틀 오브 스페이스: 우주전쟁,평점 및 리뷰 없음
11116,수영복 불륜정사,평점 항목 없음
11117,순결한 키리코의 정사,평점 항목 없음
11118,스텝 업,평점 항목 없음
11119,아로마 마사지의 유혹,평점 항목 없음
11125,완벽한 사육 무삭제판,평점 항목 없음
11126,완전한 사육 2015 무삭제판,평점 항목 없음
11127,욕망의 라쇼몽 무삭제판,평점 항목 없음
11128,울언니: 성상납의 비밀 무삭제판,평점 항목 없음
11129,음란하게 짜릿하게,평점 항목 없음
11130,음란한 도촬,평점 항목 없음
11131,음양사 2015,평점 항목 없음
11132,이그지스트,평점 항목 없음
11133,재팬아나운서 나나세,평점 항목 없음
11137,지저스 러브스 미,평점 및 리뷰 없음
11138,창녀와 아내 무삭제판,평점 항목 없음
11141,캠걸,평점 및 리뷰 없음
11143,킬러본색: 블랙페이스,평점 및 리뷰 없음
11145,폭유!수영교실,평점 항목 없음
11146,프라이빗섹스,평점 항목 없음
11148,활: 사막의 제왕,평점 및 리뷰 없음
11153,공사중,평점 항목 없음
11154,관능시대,평점 항목 없음
11157,데빌스 노트,평점 및 리뷰 없음
11158,도깨비 섹스,평점 항목 없음
11159,디아블로 : 어둠의 파수꾼,평점 항목 없음
11161,딥 임팩트 파이널,평점 및 리뷰 없음
11166,룰라바이,평점 항목 없음
11168,명기(무삭제),평점 항목 없음
11173,뽕2014(무삭제),평점 항목 없음
11174,설화전설,평점 항목 없음
11186,젊은 엄마 2,평점 항목 없음
11188,진구세주전설 북두의권 1부 라오우전 순애의 장,평점 항목 없음
11189,진구세주전설 북두의권 3부 라오우전 격투의 장,평점 항목 없음
11202,그녀가 떠날 때,평점 항목 없음
11211,내가 고백을 하면,평점 항목 없음
11218,마더 앤 차일드,평점 항목 없음
11219,맨발의 눈길,평점 항목 없음
11231,속 연화,평점 및 리뷰 없음
11236,아내들의 행진,평점 및 리뷰 없음
11243,"양 한 마리, 양 두 마리",평점 항목 없음
11247,연분,평점 항목 없음
11248,연화,평점 항목 없음
11252,왜 그랬던가,평점 및 리뷰 없음
11256,원스 어게인,평점 항목 없음
11257,원한의 거리에 눈이 내린다,평점 및 리뷰 없음
11261,자소,평점 항목 없음
11265,증언,평점 항목 없음
11266,집,평점 항목 없음
11277,프레셔스,평점 항목 없음
